,track_id,track_name,artist_name,artist_genres,album_name,artist_id,popularity,duration_ms,explicit,danceability,energy,key,loudness,mode,speechiness,acousticness,instrumentalness,liveness,valence,tempo,time_signature
0,4E6QZS2KoOE1U64yMrtpIN,Join Us for a Bite,JT Music,"['otacore', 'pixel']",All Five Nights,5qvrAlKjc0Sqrqz6v2wBGk,72,236511,False,0.595,0.752,1,-5.651,1,0.0361,0.0461,0,0.107,0.386,85.987,4
1,6A1otOgRcNpIs0eta8D4tb,To the Bone,JT Music,"['otacore', 'pixel']",Game On!,5qvrAlKjc0Sqrqz6v2wBGk,65,293400,False,0.776,0.857,8,-5.397,1,0.0354,0.195,0,0.268,0.852,100.006,4
2,4VbRzSzpXWmozGSpLeDxj7,Five More Nights,JT Music,"['otacore', 'pixel']",Want It All,5qvrAlKjc0Sqrqz6v2wBGk,65,249333,False,0.688,0.945,8,-5.506,1,0.216,0.151,0,0.117,0.685,90.003,4
3,3ZyaP0GyRehoDrhPkuh5Qw,You Belong Here,JT Music,"['otacore', 'pixel']",All Five Nights,5qvrAlKjc0Sqrqz6v2wBGk,62,253714,False,0.731,0.884,1,-4.872,1,0.107,0.078,0,0.138,0.744,140.021,4
4,1kP9xmVYxiHMHgZglH8FSd,We Don't Bite,JT Music,"['otacore', 'pixel']",Achievement Unlocked,5qvrAlKjc0Sqrqz6v2wBGk,61,208615,False,0.663,0.862,5,-5.402,0,0.125,0.116,0,0.451,0.458,129.966,4
5,3TyiduqOjvGdEcQiXltVAy,Another Five Nights,JT Music,"['otacore', 'pixel']",Want It All,5qvrAlKjc0Sqrqz6v2wBGk,60,241038,False,0.679,0.98,9,-5.983,0,0.356,0.00838,0,0.0905,0.194,129.962,4
6,1x04gFRJbhtGKJVZU9Sebe,Five Long Nights,JT Music,"['otacore', 'pixel']",Want It All,5qvrAlKjc0Sqrqz6v2wBGk,60,194500,False,0.75,0.93,1,-4.822,1,0.145,0.042,0,0.0971,0.723,120.027,4
7,1eTejBKSldU2B6G1pndo4z,Can't Be Erased,JT Music,"['otacore', 'pixel']",Crate Expectations,5qvrAlKjc0Sqrqz6v2wBGk,57,321600,False,0.725,0.824,8,-5.159,1,0.149,0.631,2.92e-05,0.377,0.374,100.025,4
8,1VDn17z47eUZ2AwiTl64kY,Cuphead Rap,JT Music,"['otacore', 'pixel']",O.P.,5qvrAlKjc0Sqrqz6v2wBGk,55,231130,False,0.902,0.725,11,-6.636,1,0.145,0.252,0,0.165,0.485,114.957,4
9,5AXxruaA5GzK5sNP9hQxxw,Join the Party,JT Music,"['otacore', 'pixel']",All Five Nights,5qvrAlKjc0Sqrqz6v2wBGk,55,275666,False,0.634,0.891,9,-3.778,1,0.158,0.0858,0,0.0574,0.595,90.023,4
10,5PajfJ1BQwHHHird3li8S4,Dig,Ian Munsick,"['modern country pop', 'wyoming roots']",White Buffalo,7HjGPPtdNuHcK8crc7iNkn,69,225053,False,0.51,0.78,3,-4.399,1,0.0391,0.313,0,0.0816,0.356,135.814,4
11,10zKthVfvrwqNrczUL8EjW,Long Live Cowgirls (with Cody Johnson),Ian Munsick,"['modern country pop', 'wyoming roots']",White Buffalo,7HjGPPtdNuHcK8crc7iNkn,65,185173,False,0.518,0.428,10,-5.975,1,0.0252,0.306,0,0.278,0.296,97.006,3
12,3Jtn0oLAGr0KFA5J8CaT4C,Horses Are Faster,Ian Munsick,"['modern country pop', 'wyoming roots']",Ian Munsick - EP,7HjGPPtdNuHcK8crc7iNkn,66,247250,False,0.311,0.708,9,-6.29,1,0.0445,0.0598,1.1e-06,0.115,0.46,80.893,4
13,6a2DSH1UNOj3wRAFTD2Ljd,Cowboy Killer,Ian Munsick,"['modern country pop', 'wyoming roots']",Cowboy Killer,7HjGPPtdNuHcK8crc7iNkn,66,132506,False,0.784,0.723,11,-5.619,1,0.04,0.0163,0,0.16,0.739,115.047,4
14,7nERlpaH7QghaO7jC60Xtu,Long Haul,Ian Munsick,"['modern country pop', 'wyoming roots']",Coyote Cry,7HjGPPtdNuHcK8crc7iNkn,64,231265,False,0.505,0.627,6,-7.851,1,0.0273,0.423,7.4e-05,0.0755,0.296,141.881,4
15,7MnovOocsvlfoe2iNBAraA,White Buffalo,Ian Munsick,"['modern country pop', 'wyoming roots']",White Buffalo,7HjGPPtdNuHcK8crc7iNkn,62,233933,False,0.633,0.412,1,-7.197,1,0.0288,0.836,0,0.106,0.265,123.895,4
16,6w4O6XOlhY1acAxvWTMTg4,Me Against the Mountain,Ian Munsick,"['modern country pop', 'wyoming roots']",Me Against the Mountain,7HjGPPtdNuHcK8crc7iNkn,62,204254,False,0.521,0.33,7,-7.611,1,0.0293,0.912,1.45e-06,0.186,0.902,189.932,4
17,6TJJNHvXSlYzGFSHC5MVha,More Than Me,Ian Munsick,"['modern country pop', 'wyoming roots']",White Buffalo,7HjGPPtdNuHcK8crc7iNkn,57,211200,False,0.497,0.744,10,-5.567,1,0.0262,0.503,0,0.177,0.476,145.872,4
18,4cns2rtLADG9gaNlItD8mR,River Run,Ian Munsick,"['modern country pop', 'wyoming roots']",White Buffalo,7HjGPPtdNuHcK8crc7iNkn,57,191386,False,0.584,0.722,9,-5.526,1,0.0274,0.0259,0,0.122,0.541,93.949,4
19,1L0k5CANo0VVNjC9nB0W72,Come Home To You - Stripped,Ian Munsick,"['modern country pop', 'wyoming roots']",Come Home To You (Stripped),7HjGPPtdNuHcK8crc7iNkn,57,205910,False,0.553,0.261,0,-6.29,1,0.0288,0.694,0,0.182,0.619,98.064,3
20,5MPPttjfGap2C6j6eKcO6J,Baby (Lil Baby feat. DaBaby),Quality Control,"['melodic rap', 'trap']",Quality Control: Control The Streets Volume 2,6i392l38cR3uBPF0DbNs7S,79,142417,True,0.97,0.463,10,-7.259,1,0.366,0.0957,0,0.151,0.46,108.003,4
21,6Vdyu21iT8qScU1haSjWUU,"Leave Em Alone (Layton Greene, Lil Baby feat. City Girls, PnB Rock)",Quality Control,"['melodic rap', 'trap']",Quality Control: Control The Streets Volume 2,6i392l38cR3uBPF0DbNs7S,68,171646,True,0.76,0.755,6,-4.735,0,0.19,0.0163,2.95e-06,0.0909,0.517,101.993,4
22,0NTypJrNfmemkF1GevCWSf,Violation Freestyle,Quality Control,"['melodic rap', 'trap']",Quality Control: Control The Streets Volume 1,6i392l38cR3uBPF0DbNs7S,67,104863,True,0.908,0.542,9,-7.787,1,0.295,0.408,0,0.179,0.266,128.02,4
23,5WptmsWwi6FEsTNxN1gUh1,Back On,Quality Control,"['melodic rap', 'trap']",Quality Control: Control The Streets Volume 2,6i392l38cR3uBPF0DbNs7S,66,145349,True,0.529,0.754,10,-3.457,0,0.325,0.0129,0,0.198,0.212,175.041,4
24,4T2dHb8XBYHlVj7Dyo1cW9,100 Racks (Offset feat. Playboi Carti),Quality Control,"['melodic rap', 'trap']",Quality Control: Control The Streets Volume 2,6i392l38cR3uBPF0DbNs7S,66,157645,True,0.939,0.632,1,-2.978,1,0.137,0.0606,0.00136,0.101,0.364,133.979,4
25,0CjHqLvr4EdjBJ0XiKtbCI,Menace,Quality Control,"['melodic rap', 'trap']",Quality Control: Control The Streets Volume 1,6i392l38cR3uBPF0DbNs7S,63,145188,True,0.977,0.303,0,-10.821,1,0.539,0.0612,0,0.184,0.214,116.063,3
26,3hWUIMNBwLNug1O8o2PPRW,Too Hotty,Quality Control,"['melodic rap', 'trap']",Quality Control: Control The Streets Volume 1,6i392l38cR3uBPF0DbNs7S,60,295997,True,0.889,0.398,1,-7.183,1,0.204,0.19,0,0.104,0.159,129.993,4
27,0W1ZfgXpC23RYQPDq7RM5I,"Pink Toes (Offset, DaBaby feat. Gunna)",Quality Control,"['melodic rap', 'trap']",Quality Control: Control The Streets Volume 2,6i392l38cR3uBPF0DbNs7S,58,217220,True,0.957,0.767,0,-5.116,1,0.115,0.0525,0,0.117,0.577,110.508,4
28,3wdfLVUhmX64lIyWIIEW8s,Ice Tray,Quality Control,"['melodic rap', 'trap']",Quality Control: Control The Streets Volume 1,6i392l38cR3uBPF0DbNs7S,57,213613,True,0.89,0.504,8,-5.444,0,0.123,0.023,0,0.123,0.222,129.969,4
29,3aaRK3htdVkK2pqOI64FEb,Bless Em (Takeoff feat. Travis Scott),Quality Control,"['melodic rap', 'trap']",Quality Control: Control The Streets Volume 2,6i392l38cR3uBPF0DbNs7S,57,180446,True,0.808,0.907,0,-4.027,0,0.0865,0.0592,0,0.139,0.721,158.994,4
30,79EkGysjP2dL5GdpeQjRxT,This Side of Paradise,Coyote Theory,[],Color,48vmXfV0QPy3ljXBp81Fwn,83,242010,False,0.306,0.664,9,-6.07,1,0.0276,0.432,7.5e-06,0.135,0.321,158.283,4
31,3BIBnyt40zWjPCNqRyGwPp,This Side of Paradise - slowed,Coyote Theory,[],This Side of Paradise (slowed),48vmXfV0QPy3ljXBp81Fwn,64,304820,False,0.39,0.514,5,-10.915,1,0.0295,0.475,0.000595,0.116,0.313,125.567,4
32,1sfO3OgjwFxesMyUTcj5a4,Taking Over the World,Coyote Theory,[],Taking Over the World,48vmXfV0QPy3ljXBp81Fwn,50,193643,False,0.542,0.764,10,-5.937,0,0.0298,0.112,0,0.0653,0.536,145.933,4
33,3h1o9YpfY7ZpwRZ49JaPjU,The Ruse & The Caper,Coyote Theory,[],Color,48vmXfV0QPy3ljXBp81Fwn,43,286173,False,0.6,0.632,7,-5.861,1,0.0313,0.272,0,0.0807,0.457,90.008,4
34,0VBv2YsbRNgGACEhpLYpyp,Vibe,Coyote Theory,[],Color,48vmXfV0QPy3ljXBp81Fwn,42,188857,False,0.548,0.818,10,-5.127,1,0.0315,0.323,1.17e-05,0.109,0.72,159.983,4
35,6eouAj0BAOwWRFXKShBFuh,Art of Understanding,Coyote Theory,[],Color,48vmXfV0QPy3ljXBp81Fwn,38,205831,False,0.79,0.658,6,-6.357,0,0.0508,0.206,0,0.0916,0.704,127.014,4
36,35QbpF7LvGVSd7VTC5dRni,It's a Trap!,Coyote Theory,[],Color,48vmXfV0QPy3ljXBp81Fwn,36,182781,False,0.605,0.825,0,-4.792,1,0.065,0.026,0,0.0958,0.922,159.894,4
37,5HH27ISKJ1Alb6NL7B8DxS,When Was the Last Time,Coyote Theory,[],When Was the Last Time,48vmXfV0QPy3ljXBp81Fwn,32,238536,False,0.841,0.464,3,-7.993,0,0.0409,0.444,2.48e-05,0.112,0.746,120.0,4
38,1Im0kx0JmZhHh7o6bHK6Bo,Forget My Name,Coyote Theory,[],Forget My Name,48vmXfV0QPy3ljXBp81Fwn,32,204855,False,0.45,0.47,1,-8.365,0,0.0447,0.434,1.82e-05,0.113,0.246,98.867,4
39,5csCFDCoZ89NT0ytOyyhYC,Molly,Coyote Theory,[],Late Night,48vmXfV0QPy3ljXBp81Fwn,32,199955,True,0.672,0.822,8,-4.883,0,0.0386,0.0128,5.03e-06,0.165,0.781,127.006,4
40,6xWIuPEnPIODp4dCRsAd5I,Black Out Days,Phantogram,"['indietronica', 'metropopolis', 'neo-synthpop']",Voices,1l9d7B8W0IHy3LqWsxP2SH,65,227160,False,0.542,0.795,4,-3.63,0,0.0368,0.00506,0.019,0.0851,0.431,92.234,4
41,3kxkjirben9RVm9NqYa6rm,Black Out Days - Future Islands Remix,Phantogram,"['indietronica', 'metropopolis', 'neo-synthpop']",Black Out Days (Future Islands Remix),1l9d7B8W0IHy3LqWsxP2SH,74,248346,False,0.477,0.483,4,-9.413,0,0.0364,0.0027,0.783,0.156,0.123,170.026,4
42,2pXZpxidEYMMNUlPOBADGa,Black Out Days - Sped Up,Phantogram,"['indietronica', 'metropopolis', 'neo-synthpop']",Black Out Days (Sped Up),1l9d7B8W0IHy3LqWsxP2SH,72,181584,False,0.585,0.85,6,-4.113,0,0.035,0.0133,0.208,0.0729,0.517,115.27,4
43,1U3BASc885MPCYOzYwOIpO,When I'm Small,Phantogram,"['indietronica', 'metropopolis', 'neo-synthpop']",Eyelid Movies,1l9d7B8W0IHy3LqWsxP2SH,64,249066,False,0.646,0.759,10,-4.34,1,0.0314,0.189,0.0977,0.103,0.423,91.999,4
44,5tRnzF4v2KL72QQdCjopyt,Black Out Days - Future Islands Remix (Slowed),Phantogram,"['indietronica', 'metropopolis', 'neo-synthpop']",Black Out Days [Future Islands Remix (Slowed)],1l9d7B8W0IHy3LqWsxP2SH,64,214394,False,0.535,0.402,9,-10.884,1,0.031,0.000748,0.734,0.0812,0.0862,142.847,4
45,5UKj2UGT4AMc1GMLk5S5sw,Fall In Love,Phantogram,"['indietronica', 'metropopolis', 'neo-synthpop']",Voices,1l9d7B8W0IHy3LqWsxP2SH,55,223226,False,0.337,0.859,2,-3.189,0,0.106,0.0484,0,0.203,0.265,188.049,4
46,1BeNZQORyV0jEF2toAmrsA,Don't Move,Phantogram,"['indietronica', 'metropopolis', 'neo-synthpop']",Nightlife,1l9d7B8W0IHy3LqWsxP2SH,57,258186,False,0.56,0.64,5,-5.209,0,0.0318,7.32e-05,0.00699,0.201,0.474,99.989,4
47,1e2jQhHijtvLCNUTZ1MKbC,DAY YOU DIE (feat. Sarah Barthel of Phantogram),Phantogram,"['indietronica', 'metropopolis', 'neo-synthpop']",BEN,1l9d7B8W0IHy3LqWsxP2SH,56,192813,True,0.749,0.757,0,-7.07,1,0.0476,0.0018,0.0102,0.137,0.583,142.97,4
48,5PaViyJwv0XJbCcrnBNuAt,Cruel World,Phantogram,"['indietronica', 'metropopolis', 'neo-synthpop']",Three,1l9d7B8W0IHy3LqWsxP2SH,56,177693,False,0.559,0.452,0,-6.549,0,0.0282,0.00179,0.00135,0.376,0.197,80.038,4
49,0Tcy9RRWvcnqepvmVcqv05,Black Out Days - Subtronics Remix,Phantogram,"['indietronica', 'metropopolis', 'neo-synthpop']",Black Out Days (Subtronics Remix),1l9d7B8W0IHy3LqWsxP2SH,57,208457,False,0.473,0.974,4,-3.554,0,0.0782,0.00161,0.891,0.166,0.105,175.097,4
50,37EJtTS7jT5WUyXGZzrwnI,Santa Monica,Everclear,"['alternative metal', 'alternative rock', 'nu metal', 'permanent wave', 'pop rock', 'post-grunge']",Sparkle And Fade,694QW15WkebjcrWgQHzRYF,74,191506,False,0.491,0.942,7,-5.333,1,0.132,0.156,0,0.367,0.387,100.446,4
51,2hx4ptqsE8dboLH3NCLmaN,Father Of Mine,Everclear,"['alternative metal', 'alternative rock', 'nu metal', 'permanent wave', 'pop rock', 'post-grunge']",So Much For The Afterglow,694QW15WkebjcrWgQHzRYF,66,231400,False,0.568,0.94,1,-5.401,1,0.0411,0.000431,4.96e-05,0.0779,0.738,97.096,4
52,2fhfoZqqTJ8jo4HvWseNfM,I Will Buy You A New Life,Everclear,"['alternative metal', 'alternative rock', 'nu metal', 'permanent wave', 'pop rock', 'post-grunge']",So Much For The Afterglow,694QW15WkebjcrWgQHzRYF,60,238133,False,0.518,0.87,0,-4.933,1,0.098,0.0351,0.00707,0.255,0.661,169.665,4
53,0WHOPmOuQKuu05k4g3UTvk,Wonderful,Everclear,"['alternative metal', 'alternative rock', 'nu metal', 'permanent wave', 'pop rock', 'post-grunge']",Songs From An American Movie: Learning How To Smile,694QW15WkebjcrWgQHzRYF,60,280813,False,0.514,0.817,7,-6.489,1,0.05,0.0118,8.25e-06,0.346,0.734,186.765,4
54,6BdD561PmmMhpUYI7Qhaut,Everything To Everyone,Everclear,"['alternative metal', 'alternative rock', 'nu metal', 'permanent wave', 'pop rock', 'post-grunge']",So Much For The Afterglow,694QW15WkebjcrWgQHzRYF,59,200266,False,0.646,0.945,0,-5.689,1,0.0473,0.0919,1.53e-05,0.0599,0.796,100.027,4
55,3y6aldPuiRmCzamj6pivBM,Heroin Girl,Everclear,"['alternative metal', 'alternative rock', 'nu metal', 'permanent wave', 'pop rock', 'post-grunge']",Sparkle And Fade,694QW15WkebjcrWgQHzRYF,53,143400,False,0.363,0.984,2,-4.71,1,0.107,0.00771,4.49e-05,0.0793,0.346,149.819,4
56,03gsb1WnVQUuLqChBvzmoo,AM Radio,Everclear,"['alternative metal', 'alternative rock', 'nu metal', 'permanent wave', 'pop rock', 'post-grunge']",Songs From An American Movie: Learning How To Smile,694QW15WkebjcrWgQHzRYF,48,236933,False,0.622,0.964,1,-4.314,1,0.0832,0.0636,1.03e-05,0.235,0.609,92.973,4
57,0gtQpIxMYqLxtSQn52m0Wx,So Much For The Afterglow,Everclear,"['alternative metal', 'alternative rock', 'nu metal', 'permanent wave', 'pop rock', 'post-grunge']",So Much For The Afterglow,694QW15WkebjcrWgQHzRYF,46,233866,False,0.349,0.949,9,-7.114,1,0.369,0.00521,0.831,0.096,0.108,149.897,4
58,0zBSsxRXxemPoelO1R8faT,Local God - Remastered 2004,Everclear,"['alternative metal', 'alternative rock', 'nu metal', 'permanent wave', 'pop rock', 'post-grunge']",Ten Years Gone: The Best Of Everclear 1994-2004,694QW15WkebjcrWgQHzRYF,45,234120,False,0.523,0.989,6,-3.611,0,0.0663,0.00162,4.79e-05,0.0757,0.615,112.013,4
59,4jlrlpq7asejjHFcZdJ616,Strawberry,Everclear,"['alternative metal', 'alternative rock', 'nu metal', 'permanent wave', 'pop rock', 'post-grunge']",Sparkle And Fade,694QW15WkebjcrWgQHzRYF,46,155600,True,0.56,0.556,4,-7.676,1,0.0314,0.407,0,0.0965,0.809,119.559,4
60,4Wlz0HsHZlJy0NDK2h6jq6,Ron Artest,Babyface Ray,"['detroit hip hop', 'detroit trap']",Ron Artest,3zZ88AwlTwfCJkowsFCvLA,72,153392,True,0.836,0.54,1,-8.629,1,0.327,0.158,0,0.302,0.277,121.979,4
61,4E3BSxzGKQrDHBf9QfoewY,Wonderful Wayne & Jackie Boy,Babyface Ray,"['detroit hip hop', 'detroit trap']",MOB,3zZ88AwlTwfCJkowsFCvLA,64,133953,True,0.806,0.715,11,-5.024,1,0.291,0.0305,0,0.391,0.319,172.138,4
62,78MA8xdZCe4KS9SuIxs1Ce,Drums,Babyface Ray,"['detroit hip hop', 'detroit trap']",Red Eye,3zZ88AwlTwfCJkowsFCvLA,61,181909,True,0.851,0.65,11,-6.3,1,0.224,0.165,0.0247,0.133,0.52,145.035,4
63,06ihctSDGmw0mHuJfFpQOQ,What The Business Is,Babyface Ray,"['detroit hip hop', 'detroit trap']",What The Business Is,3zZ88AwlTwfCJkowsFCvLA,58,122600,True,0.849,0.418,11,-7.503,0,0.358,0.726,2.44e-06,0.232,0.12,98.972,4
64,1XymOhvY6pThNXJWYzP5h0,All Star Team,Babyface Ray,"['detroit hip hop', 'detroit trap']",All Star Team,3zZ88AwlTwfCJkowsFCvLA,57,107166,True,0.596,0.724,7,-5.688,1,0.295,0.095,0,0.113,0.527,107.77,4
65,49k2A3TtO0emRciVKKiWnC,Spend It,Babyface Ray,"['detroit hip hop', 'detroit trap']",MOB,3zZ88AwlTwfCJkowsFCvLA,53,200698,True,0.868,0.592,10,-5.672,1,0.127,0.453,0,0.127,0.429,125.006,4
66,288pVCIQNp4QkhqaUh93ix,Fake Luv,Babyface Ray,"['detroit hip hop', 'detroit trap']",For You,3zZ88AwlTwfCJkowsFCvLA,56,131683,True,0.869,0.557,1,-4.281,1,0.133,0.0222,0.00644,0.223,0.16,105.013,4
67,7lxG03vUtwZiT6oADL2tyL,Family > Money,Babyface Ray,"['detroit hip hop', 'detroit trap']",FACE (Deluxe Edition),3zZ88AwlTwfCJkowsFCvLA,56,235329,True,0.805,0.586,2,-5.578,1,0.305,0.168,0,0.106,0.432,92.047,4
68,7J2WoX23EpdUXw3iFdXsj1,Gallery Dept (feat. Veeze),Babyface Ray,"['detroit hip hop', 'detroit trap']",Unfuckwitable (Deluxe Edition),3zZ88AwlTwfCJkowsFCvLA,55,135116,True,0.754,0.522,8,-4.893,1,0.184,0.0975,0,0.198,0.0985,85.451,4
69,774XKlPf7pZpgUOnklWKOQ,Trap Baby (feat. Babyface Ray),Babyface Ray,"['detroit hip hop', 'detroit trap']",Trap Baby (feat. Babyface Ray),3zZ88AwlTwfCJkowsFCvLA,55,111529,True,0.898,0.27,1,-11.815,0,0.458,0.0713,0,0.56,0.325,94.954,4
70,179TZwPk0txEvjkraVTVKo,El Precio De La Soledad,Alfredo Olivas,"['banda', 'corrido', 'musica mexicana', 'norteno', 'nueva musica mexicana', 'sad sierreno', 'sierreno']",Así Es Esto,5xYNmNkaWRqu3e5F4UXME8,81,186360,False,0.715,0.846,10,-3.665,1,0.18,0.129,2.57e-06,0.084,0.909,95.426,4
71,2Nk3gXgekore0lfB7PCnub,El Paciente,Alfredo Olivas,"['banda', 'corrido', 'musica mexicana', 'norteno', 'nueva musica mexicana', 'sad sierreno', 'sierreno']",La Rueda De La Fortuna,5xYNmNkaWRqu3e5F4UXME8,80,211266,False,0.706,0.713,3,-3.609,1,0.0367,0.319,0,0.114,0.973,142.002,3
72,2fQrrBtuNVMWOHqLyk4EfO,Yo Todo Lo Doy,Alfredo Olivas,"['banda', 'corrido', 'musica mexicana', 'norteno', 'nueva musica mexicana', 'sad sierreno', 'sierreno']",ALFA & OMEGA,5xYNmNkaWRqu3e5F4UXME8,78,202453,False,0.597,0.725,2,-6.686,0,0.136,0.306,0.000161,0.3,0.8,189.96,4
73,71V6u8mPSydvEokO7XYqG6,El Vals Del Olvido,Alfredo Olivas,"['banda', 'corrido', 'musica mexicana', 'norteno', 'nueva musica mexicana', 'sad sierreno', 'sierreno']",El Día De Los Muertos,5xYNmNkaWRqu3e5F4UXME8,78,209266,False,0.725,0.47,10,-4.765,1,0.0382,0.406,0,0.0624,0.932,105.96,3
74,6k9zUQ7Gngrs8ULzQOyDDV,Me Tocó Morir,Alfredo Olivas,"['banda', 'corrido', 'musica mexicana', 'norteno', 'nueva musica mexicana', 'sad sierreno', 'sierreno']",Sigan Hablando,5xYNmNkaWRqu3e5F4UXME8,77,144640,True,0.723,0.617,0,-3.69,0,0.0497,0.421,0,0.109,0.973,150.075,3
75,6CRRlfXDdhsL6vih3J5xco,En Definitiva,Alfredo Olivas,"['banda', 'corrido', 'musica mexicana', 'norteno', 'nueva musica mexicana', 'sad sierreno', 'sierreno']",La Rueda De La Fortuna,5xYNmNkaWRqu3e5F4UXME8,76,216266,False,0.682,0.669,9,-4.509,1,0.0399,0.304,0,0.0953,0.617,140.023,3
76,2QrU43HoJRNBrbo2XLI9DS,No,Alfredo Olivas,"['banda', 'corrido', 'musica mexicana', 'norteno', 'nueva musica mexicana', 'sad sierreno', 'sierreno']",ALFA & OMEGA,5xYNmNkaWRqu3e5F4UXME8,73,187240,False,0.666,0.7,9,-6.592,1,0.0554,0.0683,0,0.144,0.749,160.014,4
77,1GtIK8iINes4gNt06F60NU,Vete,Alfredo Olivas,"['banda', 'corrido', 'musica mexicana', 'norteno', 'nueva musica mexicana', 'sad sierreno', 'sierreno']",ALFA & OMEGA,5xYNmNkaWRqu3e5F4UXME8,75,185240,False,0.626,0.708,5,-7.097,1,0.0556,0.442,3.04e-06,0.137,0.883,168.162,4
78,4SHTLje9c6RLnx6kOPt9L6,El Sillón,Alfredo Olivas,"['banda', 'corrido', 'musica mexicana', 'norteno', 'nueva musica mexicana', 'sad sierreno', 'sierreno']",El Día De Los Muertos,5xYNmNkaWRqu3e5F4UXME8,72,199293,False,0.774,0.595,2,-4.267,0,0.0345,0.175,1.3e-05,0.187,0.934,115.035,4
79,32MQwnY0WUaNVT7i4W9d9F,El Malo De Culiacán,Alfredo Olivas,"['banda', 'corrido', 'musica mexicana', 'norteno', 'nueva musica mexicana', 'sad sierreno', 'sierreno']",Privilegio,5xYNmNkaWRqu3e5F4UXME8,73,215640,False,0.723,0.475,5,-6.363,1,0.0358,0.743,0,0.342,0.802,110.219,3
80,1Jmqubf9kGkWeYQXQKImL5,People Are Strange,The Doors,"['acid rock', 'album rock', 'classic rock', 'hard rock', 'psychedelic rock', 'rock']",Strange Days,22WZ7M8sxp5THdruNY3gXt,77,130173,False,0.699,0.467,4,-8.578,0,0.0375,0.685,0,0.315,0.764,119.287,4
81,6ToM0uwxtPKo9CMpbPGYvM,Break on Through (To the Other Side),The Doors,"['acid rock', 'album rock', 'classic rock', 'hard rock', 'psychedelic rock', 'rock']",The Doors,22WZ7M8sxp5THdruNY3gXt,76,145866,False,0.421,0.751,9,-9.584,1,0.0472,0.2,0,0.17,0.789,89.839,4
82,14XWXWv5FoCbFzLksawpEe,Riders on the Storm,The Doors,"['acid rock', 'album rock', 'classic rock', 'hard rock', 'psychedelic rock', 'rock']",L.A. Woman,22WZ7M8sxp5THdruNY3gXt,75,434720,False,0.55,0.722,11,-11.729,0,0.0283,0.25,0.0129,0.11,0.716,103.886,4
83,1Q5kgpp4pmyGqPwNBzkSrw,Roadhouse Blues,The Doors,"['acid rock', 'album rock', 'classic rock', 'hard rock', 'psychedelic rock', 'rock']",Morrison Hotel,22WZ7M8sxp5THdruNY3gXt,74,243826,False,0.623,0.633,9,-8.212,1,0.0304,0.336,4.6e-05,0.147,0.895,121.119,4
84,5uvosCdMlFdTXhoazkTI5R,Light My Fire,The Doors,"['acid rock', 'album rock', 'classic rock', 'hard rock', 'psychedelic rock', 'rock']",The Doors,22WZ7M8sxp5THdruNY3gXt,73,429760,False,0.413,0.725,3,-5.787,0,0.0324,0.369,2.16e-05,0.0905,0.44,124.618,4
85,3MFFDRC4wTN9JNGtzXsZlN,Love Her Madly,The Doors,"['acid rock', 'album rock', 'classic rock', 'hard rock', 'psychedelic rock', 'rock']",L.A. Woman,22WZ7M8sxp5THdruNY3gXt,71,198466,False,0.565,0.587,4,-7.393,0,0.0317,0.0573,0.00493,0.0416,0.966,147.462,4
86,5piJiL6aRhvrKBa9YuEfS9,Peace Frog,The Doors,"['acid rock', 'album rock', 'classic rock', 'hard rock', 'psychedelic rock', 'rock']",Morrison Hotel,22WZ7M8sxp5THdruNY3gXt,70,170132,False,0.641,0.725,7,-7.376,1,0.039,0.16,0.00321,0.648,0.808,112.529,4
87,67HxeUADW4H3ERfaPW59ma,Love Me Two Times,The Doors,"['acid rock', 'album rock', 'classic rock', 'hard rock', 'psychedelic rock', 'rock']",Strange Days,22WZ7M8sxp5THdruNY3gXt,68,195106,False,0.684,0.698,9,-6.219,1,0.041,0.332,5.16e-06,0.122,0.839,132.846,4
88,4BVE5tIIpYabZcYCbephNW,Touch Me,The Doors,"['acid rock', 'album rock', 'classic rock', 'hard rock', 'psychedelic rock', 'rock']",The Soft Parade,22WZ7M8sxp5THdruNY3gXt,68,190253,False,0.425,0.903,1,-4.801,1,0.0732,0.405,0.0128,0.117,0.769,108.748,4
89,6DmfWj5kOa1fX8AwN9byOn,L.A. Woman,The Doors,"['acid rock', 'album rock', 'classic rock', 'hard rock', 'psychedelic rock', 'rock']",L.A. Woman,22WZ7M8sxp5THdruNY3gXt,67,471160,False,0.354,0.731,2,-9.178,1,0.0382,0.0812,0.00124,0.115,0.697,170.633,4
90,11dxtPJKR4E0wlSr0A0t47,Potential Breakup Song,Aly & AJ,"['dance pop', 'girl group', 'post-teen pop']",Insomniatic,5wugb0kaq0J6nyQ5Xgd17i,68,219773,False,0.572,0.89,6,-4.139,0,0.039,0.00082,0.00937,0.564,0.765,158.038,4
91,6fyzsHCwnt8oL4XgGIMrdN,Potential Breakup Song,Aly & AJ,"['dance pop', 'girl group', 'post-teen pop']",Potential Breakup Song,5wugb0kaq0J6nyQ5Xgd17i,62,218333,True,0.554,0.901,6,-4.139,0,0.0384,0.000493,0.000291,0.0867,0.537,157.987,4
92,6EXCQbPhpBf5RTQZ4F1raZ,Slow Dancing,Aly & AJ,"['dance pop', 'girl group', 'post-teen pop']",a touch of the beat gets you up on your feet gets you out and then into the sun,5wugb0kaq0J6nyQ5Xgd17i,58,267880,False,0.701,0.455,7,-9.0,1,0.0296,0.568,0.242,0.114,0.312,113.992,4
93,44e84JcEUfOs9cNGu8nwU5,Like Whoa,Aly & AJ,"['dance pop', 'girl group', 'post-teen pop']",Insomniatic,5wugb0kaq0J6nyQ5Xgd17i,55,150826,False,0.703,0.806,8,-4.974,0,0.0555,0.00935,0.00056,0.0948,0.844,120.996,4
94,09BvvHet0SXvdZKAyUzIWk,Walking On Sunshine,Aly & AJ,"['dance pop', 'girl group', 'post-teen pop']",Into The Rush,5wugb0kaq0J6nyQ5Xgd17i,52,233733,False,0.65,0.961,9,-3.208,1,0.0392,0.0131,0,0.0725,0.943,108.992,4
95,45BY5vUlKxgvBma3P9bHlv,Blue Dress,Aly & AJ,"['dance pop', 'girl group', 'post-teen pop']",With Love From,5wugb0kaq0J6nyQ5Xgd17i,50,248120,False,0.527,0.438,7,-9.962,1,0.0294,0.504,0.0234,0.088,0.327,117.935,4
96,1dpXikU9kSyxm1mKulwHws,Rush,Aly & AJ,"['dance pop', 'girl group', 'post-teen pop']",Into The Rush,5wugb0kaq0J6nyQ5Xgd17i,49,191733,False,0.548,0.815,2,-5.218,0,0.0409,0.0175,8.9e-06,0.127,0.212,129.963,4
97,6OtjXmAe3pGZxcrT1Cx2Br,Joan of Arc on the Dance Floor,Aly & AJ,"['dance pop', 'girl group', 'post-teen pop']",We Don’t Stop,5wugb0kaq0J6nyQ5Xgd17i,49,206866,False,0.649,0.807,9,-6.482,0,0.035,0.00277,4.53e-05,0.0432,0.464,119.995,4
98,64vcvSDXQxmXe1og2CKzUY,With Love From,Aly & AJ,"['dance pop', 'girl group', 'post-teen pop']",With Love From,5wugb0kaq0J6nyQ5Xgd17i,45,239453,False,0.648,0.696,6,-7.074,0,0.0372,0.115,0.0311,0.107,0.432,114.999,4
99,1qhdw2YPjYSyq4SDyuehQW,Baby Lay Your Head Down,Aly & AJ,"['dance pop', 'girl group', 'post-teen pop']",With Love From,5wugb0kaq0J6nyQ5Xgd17i,45,224000,False,0.569,0.898,4,-5.513,1,0.0308,0.00714,0.686,0.169,0.714,119.993,4
100,1pTGc8pwyo6xtgXBKCBcFn,Woman in Love,Barbra Streisand,"['adult standards', 'operatic pop']",Guilty,7jmTilWYlKOuavFfmQAcu6,72,231840,False,0.469,0.278,3,-16.311,0,0.028,0.248,0.000126,0.133,0.331,169.735,4
101,60mGckXEG1EzR4VmjYLfEW,Guilty (feat. Barry Gibb),Barbra Streisand,"['adult standards', 'operatic pop']",Guilty,7jmTilWYlKOuavFfmQAcu6,69,264333,False,0.626,0.425,0,-15.656,1,0.0356,0.231,0,0.114,0.952,150.875,4
102,2WthqeuPLwn0CHwCMrlt6L,I Finally Found Someone (feat. Bryan Adams),Barbra Streisand,"['adult standards', 'operatic pop']",The Mirror Has Two Faces - Music From The Motion Picture,7jmTilWYlKOuavFfmQAcu6,67,221973,False,0.568,0.224,6,-15.069,1,0.0296,0.677,0,0.127,0.0709,138.964,4
103,1vZTgn4JXWMahR8r99ug5H,The Way We Were,Barbra Streisand,"['adult standards', 'operatic pop']",The Way We Were,7jmTilWYlKOuavFfmQAcu6,64,211093,False,0.264,0.32,9,-11.716,1,0.0325,0.885,0.00141,0.134,0.171,138.108,3
104,2IcqY68BxP1ONPi3ME6aje,"Evergreen (Love Theme from ""A Star Is Born"")",Barbra Streisand,"['adult standards', 'operatic pop']",A Star Is Born,7jmTilWYlKOuavFfmQAcu6,63,184800,False,0.335,0.303,9,-10.943,1,0.0315,0.932,0.0271,0.0907,0.186,114.224,4
105,6HKChbfE5klrUMHo3NrqzX,Tell Him (Duet with Barbra Streisand),Barbra Streisand,"['adult standards', 'operatic pop']",Let's Talk About Love,7jmTilWYlKOuavFfmQAcu6,61,291160,False,0.261,0.38,4,-9.148,1,0.0491,0.623,0,0.105,0.0793,74.463,4
106,0I3cUqffwmH2mMUHIfpC0l,Memory,Barbra Streisand,"['adult standards', 'operatic pop']",Memories,7jmTilWYlKOuavFfmQAcu6,58,235160,False,0.185,0.24,10,-14.889,1,0.0399,0.415,0.0007,0.105,0.11,79.471,4
107,7qmqeHzgNQTOnl1NUgRFO4,You Don't Bring Me Flowers,Barbra Streisand,"['adult standards', 'operatic pop']",You Don't Bring Me Flowers,7jmTilWYlKOuavFfmQAcu6,57,195400,False,0.16,0.123,0,-18.111,1,0.04,0.878,2.24e-05,0.157,0.239,67.006,4
108,6qLfdfOdfrpD1B0V67eJpy,What Kind of Fool (feat. Barry Gibb),Barbra Streisand,"['adult standards', 'operatic pop']",Guilty,7jmTilWYlKOuavFfmQAcu6,58,245640,False,0.511,0.245,2,-16.755,1,0.0396,0.39,0,0.401,0.143,79.88,4
109,1zf8Xmj66XRiI6Etw2Ddu7,Don't Rain On My Parade,Barbra Streisand,"['adult standards', 'operatic pop']",Funny Girl - Original Soundtrack Recording,7jmTilWYlKOuavFfmQAcu6,54,164573,False,0.507,0.454,9,-9.06,1,0.162,0.631,0,0.22,0.634,93.791,4
110,5orD06mXsbrp0QzGTnoczh,Pure Water,Mustard,"['cali rap', 'pop rap', 'rap', 'southern hip hop', 'trap']",Sweat: Hip Hop,0YinUQ50QDB7ZxSCLyQ40k,25,194519,True,0.679,0.559,0,-5.545,1,0.13,0.172,0,0.318,0.138,202.005,4
111,6DfBkb3YcxZn48odj1ywyV,Baguettes in the Face,Mustard,"['cali rap', 'pop rap', 'rap', 'southern hip hop', 'trap']",The Post COVID-19 Mixtape - Rap Edition,0YinUQ50QDB7ZxSCLyQ40k,24,174100,True,0.883,0.519,2,-8.054,0,0.065,0.187,0,0.0971,0.301,99.978,4
112,4zrwPfq5ENLzjq41Txs2HR,Want Her,Mustard,"['cali rap', 'pop rap', 'rap', 'southern hip hop', 'trap']",Cold Summer,0YinUQ50QDB7ZxSCLyQ40k,67,275560,True,0.828,0.607,1,-6.241,1,0.0432,0.0769,0.000683,0.108,0.409,101.012,4
113,7xJqJxiM5f0BZQLWCbOuWz,STILL CHOSE YOU (feat. Mustard),Mustard,"['cali rap', 'pop rap', 'rap', 'southern hip hop', 'trap']",F*CK LOVE 3+: OVER YOU,0YinUQ50QDB7ZxSCLyQ40k,65,171428,True,0.724,0.5,5,-7.112,0,0.259,0.41,0,0.115,0.317,97.694,4
114,7jN5Abri3a1crehbnlWa1F,MAGIC,Mustard,"['cali rap', 'pop rap', 'rap', 'southern hip hop', 'trap']",RAMONA PARK BROKE MY HEART,0YinUQ50QDB7ZxSCLyQ40k,57,226006,True,0.743,0.601,4,-6.684,0,0.181,0.272,9.65e-05,0.496,0.284,89.97,4
115,3jGy6nqGMcsBvjN6G3TC0S,Ghetto Cinderella (feat. Mustard & Terrace Martin),Mustard,"['cali rap', 'pop rap', 'rap', 'southern hip hop', 'trap']",Just For Clarity 2,0YinUQ50QDB7ZxSCLyQ40k,59,182655,True,0.659,0.376,6,-9.508,0,0.305,0.345,0,0.109,0.184,99.617,4
116,0d9oqmTm5fqhml3wg7FEs1,See Bout It (feat. Mustard),Mustard,"['cali rap', 'pop rap', 'rap', 'southern hip hop', 'trap']",Only Built For Infinity Links,0YinUQ50QDB7ZxSCLyQ40k,57,180594,True,0.545,0.68,6,-5.112,0,0.293,0.127,6.09e-06,0.327,0.422,101.04,4
117,3KLPY686ZlfPn5rA2w62gj,Perfect Ten,Mustard,"['cali rap', 'pop rap', 'rap', 'southern hip hop', 'trap']",Deeply Rooted: Hip-Hop,0YinUQ50QDB7ZxSCLyQ40k,9,252021,True,0.683,0.437,5,-9.267,0,0.0373,0.781,0.000112,0.12,0.228,99.95,4
118,5Eg6N02CTSSbdthjVc7wLA,Don't Hurt Me,Mustard,"['cali rap', 'pop rap', 'rap', 'southern hip hop', 'trap']",Don't Hurt Me,0YinUQ50QDB7ZxSCLyQ40k,55,192995,True,0.704,0.46,8,-10.559,1,0.416,0.0872,0,0.0833,0.493,126.388,5
119,4lqEFIB9YZl8BwR99L5H3b,In My Room (feat. Ty Dolla $ign & Tyga),Mustard,"['cali rap', 'pop rap', 'rap', 'southern hip hop', 'trap']",Blood For Mercy,0YinUQ50QDB7ZxSCLyQ40k,55,168641,False,0.745,0.869,6,-4.375,1,0.0444,0.00193,0,0.0799,0.814,104.015,4
120,3Pj6u2KTgepyyidp5xfbHp,Ashes,Stellar,['social media pop'],Ashes,5yw4tA8D5uG7tT3NaDvq10,75,166355,True,0.712,0.568,5,-7.864,0,0.0546,0.0947,0,0.169,0.46,130.019,4
121,4vDGc8mD9kHbC2Yy6pF6SE,Bad Dream,Stellar,['social media pop'],Bad Dream,5yw4tA8D5uG7tT3NaDvq10,71,147840,False,0.731,0.746,8,-3.43,1,0.0311,0.00104,5.73e-06,0.117,0.555,125.016,4
122,16Azhyv8164hYxI8Ax3F5k,Blur,Stellar,['social media pop'],Blur,5yw4tA8D5uG7tT3NaDvq10,70,131428,False,0.834,0.6,5,-5.433,1,0.0313,0.245,0,0.0694,0.694,125.954,4
123,3p94RpSxQdZocUfrzpemmm,El Dorado,Stellar,['social media pop'],El Dorado,5yw4tA8D5uG7tT3NaDvq10,70,136000,True,0.744,0.714,9,-6.09,1,0.0333,0.132,0,0.262,0.614,119.964,4
124,79w5oc04QaB15czB3qO95w,Stranger,Stellar,['social media pop'],Stranger,5yw4tA8D5uG7tT3NaDvq10,67,132480,False,0.685,0.818,7,-3.935,0,0.0333,0.0195,0,0.11,0.841,124.96,4
125,6UnOxNp0jZfFXyKcAtJwUj,Masquerade,Stellar,['social media pop'],Masquerade,5yw4tA8D5uG7tT3NaDvq10,64,136000,False,0.544,0.817,8,-3.349,1,0.0464,0.0353,0,0.0749,0.47,179.986,4
126,5Nakyq7fHFlhxkMfNqG4Fv,Daredevil,Stellar,['social media pop'],Daredevil,5yw4tA8D5uG7tT3NaDvq10,64,135336,True,0.815,0.514,11,-6.273,0,0.0499,0.00541,0.000761,0.111,0.565,127.964,4
127,4Kd4tGip064rzGMZfLmDFQ,Grave,Stellar,['social media pop'],Grave,5yw4tA8D5uG7tT3NaDvq10,61,144545,False,0.322,0.577,11,-6.855,0,0.0512,0.137,0,0.128,0.447,87.053,4
128,3O963Rx4OioIw7wdCp7pER,Mistake,Stellar,['social media pop'],Mistake,5yw4tA8D5uG7tT3NaDvq10,60,151580,True,0.577,0.885,7,-4.004,0,0.034,0.0148,0,0.14,0.255,137.04,4
129,090GZQJxqxVKW8q82rcAry,Cold Outside,Stellar,['social media pop'],Cold Outside,5yw4tA8D5uG7tT3NaDvq10,57,141045,True,0.594,0.763,9,-5.892,0,0.0565,0.0571,0,0.575,0.5,144.853,4
130,62bOmKYxYg7dhrC6gH9vFn,Bye Bye Bye,*NSYNC,"['boy band', 'dance pop', 'pop']",No Strings Attached,6Ff53KvcvAj5U7Z1vojB5o,74,200400,False,0.61,0.926,8,-4.843,0,0.0479,0.031,0.0012,0.0821,0.861,172.638,4
131,2AW37v0bDyuOzGP3XnmFuA,It's Gonna Be Me,*NSYNC,"['boy band', 'dance pop', 'pop']",No Strings Attached,6Ff53KvcvAj5U7Z1vojB5o,72,192426,False,0.636,0.873,0,-4.672,0,0.071,0.0407,1.27e-06,0.0372,0.908,165.071,4
132,73q3FpQVXWk5eSUnyo83E4,Tearin' up My Heart - Radio Edit,*NSYNC,"['boy band', 'dance pop', 'pop']",'N Sync UK Version,6Ff53KvcvAj5U7Z1vojB5o,69,209400,False,0.687,0.918,7,-4.676,1,0.0392,0.00211,1.26e-05,0.344,0.747,110.06,4
133,46n2EGFnPC3tzWCN1Aqe26,This I Promise You,*NSYNC,"['boy band', 'dance pop', 'pop']",No Strings Attached,6Ff53KvcvAj5U7Z1vojB5o,69,284760,False,0.55,0.587,2,-6.279,1,0.0329,0.354,0,0.128,0.466,165.975,4
134,221LRlPHPuevgE1tuUlof9,I Want You Back - Radio Edit,*NSYNC,"['boy band', 'dance pop', 'pop']",'N Sync UK Version,6Ff53KvcvAj5U7Z1vojB5o,65,200440,False,0.751,0.939,8,-3.305,0,0.0466,0.0521,0.00056,0.477,0.905,112.041,4
135,0Jc8qF1mUPo1A96HE9QxZz,Pop,*NSYNC,"['boy band', 'dance pop', 'pop']",Celebrity,6Ff53KvcvAj5U7Z1vojB5o,59,238426,False,0.706,0.861,11,-6.684,1,0.154,0.0341,0,0.127,0.923,119.946,4
136,4CCUjYJPbSXLL23BFeBVbI,Gone,*NSYNC,"['boy band', 'dance pop', 'pop']",Celebrity,6Ff53KvcvAj5U7Z1vojB5o,56,292000,False,0.704,0.409,11,-8.581,0,0.0597,0.43,0,0.109,0.495,113.863,4
137,6u5flhVFxKZrl9AApvf2SL,Girlfriend,*NSYNC,"['boy band', 'dance pop', 'pop']",Celebrity,6Ff53KvcvAj5U7Z1vojB5o,53,253600,False,0.748,0.809,0,-5.213,0,0.0904,0.0857,1.48e-05,0.0282,0.868,93.963,4
138,6aw26tMh7aY9S7rqQDDaIQ,Thinking Of You (I Drive Myself Crazy) - Remix,*NSYNC,"['boy band', 'dance pop', 'pop']",'N Sync UK Version,6Ff53KvcvAj5U7Z1vojB5o,55,240733,False,0.562,0.718,9,-6.551,1,0.0269,0.0433,0,0.174,0.51,86.964,4
139,08zfRiERqpy7J0x8akk7zt,(God Must Have Spent) A Little More Time On You - Remix,*NSYNC,"['boy band', 'dance pop', 'pop']",'N Sync UK Version,6Ff53KvcvAj5U7Z1vojB5o,55,241493,False,0.375,0.527,10,-8.422,1,0.0507,0.449,0,0.305,0.303,167.242,4
140,1Lim1Py7xBgbAkAys3AGAG,Lean On,Major Lazer,"['dance pop', 'edm', 'electro house', 'moombahton', 'pop', 'pop dance']",Peace Is The Mission (Extended),738wLrAtLtCtFOLvQBXOXp,77,176561,False,0.723,0.809,7,-3.081,0,0.0625,0.00346,0.00123,0.565,0.274,98.007,4
141,7zsXy7vlHdItvUSH8EwQss,Cold Water,Major Lazer,"['dance pop', 'edm', 'electro house', 'moombahton', 'pop', 'pop dance']",Cold Water,738wLrAtLtCtFOLvQBXOXp,71,185360,False,0.608,0.798,6,-5.092,0,0.0432,0.0736,0,0.156,0.501,92.943,4
142,500mvzh7TRZ0YdnVeHhj8b,Light It Up - Remix,Major Lazer,"['dance pop', 'edm', 'electro house', 'moombahton', 'pop', 'pop dance']",Peace Is The Mission (Extended),738wLrAtLtCtFOLvQBXOXp,71,166138,False,0.747,0.877,9,-3.782,0,0.0664,0.0375,0.000833,0.233,0.752,107.991,4
143,13HgktGt4RdYj0QmF1ELZO,Que Calor (feat. J Balvin & El Alfa),Major Lazer,"['dance pop', 'edm', 'electro house', 'moombahton', 'pop', 'pop dance']",Music Is The Weapon (Reloaded),738wLrAtLtCtFOLvQBXOXp,64,169997,False,0.795,0.885,8,-4.13,1,0.0715,0.0375,0.00638,0.292,0.46,126.037,4
144,3eUhfanL9kEmpIPeGBl1yW,Powerful,Major Lazer,"['dance pop', 'edm', 'electro house', 'moombahton', 'pop', 'pop dance']",Peace Is The Mission (Extended),738wLrAtLtCtFOLvQBXOXp,62,206327,False,0.598,0.792,11,-4.043,0,0.0478,0.121,0,0.158,0.732,97.479,3
145,3j9o0zUoyGNXkijNSyRyBI,Watch Out For This (Bumaye),Major Lazer,"['dance pop', 'edm', 'electro house', 'moombahton', 'pop', 'pop dance']",Free The Universe (Extended Version),738wLrAtLtCtFOLvQBXOXp,61,269146,False,0.819,0.759,10,-4.115,0,0.147,0.0196,6.53e-06,0.0613,0.88,108.026,4
146,6BKeNWeUqxmvQ09Gxd3ZGX,Know No Better,Major Lazer,"['dance pop', 'edm', 'electro house', 'moombahton', 'pop', 'pop dance']",Know No Better,738wLrAtLtCtFOLvQBXOXp,61,225849,False,0.738,0.814,7,-4.414,0,0.0999,0.132,9.64e-06,0.126,0.483,119.041,4
147,6tgEc2O1uFHcZDKPoo6PC8,ALREADY,Major Lazer,"['dance pop', 'edm', 'electro house', 'moombahton', 'pop', 'pop dance']",The Lion King: The Gift,738wLrAtLtCtFOLvQBXOXp,67,222529,False,0.647,0.732,2,-5.846,1,0.0891,0.0846,0,0.597,0.548,67.295,3
148,0yhGTljYYHyP7phuxoKWiJ,Get Free,Major Lazer,"['dance pop', 'edm', 'electro house', 'moombahton', 'pop', 'pop dance']",Free The Universe (Extended Version),738wLrAtLtCtFOLvQBXOXp,59,289973,False,0.612,0.657,11,-6.971,0,0.0454,0.103,0.124,0.131,0.767,87.94,4
149,5Ay8r4qxJ1OYLS91tWysRf,Don't Go Yet - Major Lazer Remix,Major Lazer,"['dance pop', 'edm', 'electro house', 'moombahton', 'pop', 'pop dance']",Don't Go Yet (Major Lazer Remix),738wLrAtLtCtFOLvQBXOXp,67,171265,False,0.806,0.73,10,-5.73,0,0.149,0.228,0.000114,0.0817,0.629,124.914,4
150,7nc7mlSdWYeFom84zZ8Wr8,Tell Em,Cochise,"['plugg', 'pluggnb', 'rage rap']",Tell Em,46HzS7yz0c9udVwtbHk1sx,82,180379,True,0.672,0.717,5,-7.476,1,0.226,0.103,0,0.398,0.473,157.905,4
151,1FKG2wgJ75wS9MFNVZFiWd,POCKET ROCKET,Cochise,"['plugg', 'pluggnb', 'rage rap']",POCKET ROCKET,46HzS7yz0c9udVwtbHk1sx,74,131500,True,0.711,0.646,2,-5.444,0,0.225,0.0216,0,0.0921,0.778,160.931,3
152,18lkWhwmY0fVVv40eCxohv,Hatchback,Cochise,"['plugg', 'pluggnb', 'rage rap']",Benbow Crescent,46HzS7yz0c9udVwtbHk1sx,68,149145,True,0.732,0.69,2,-6.41,0,0.0595,0.0215,0,0.224,0.325,78.005,4
153,4wOHkjgu0jCcILKvbKrYa9,KANEKI,Cochise,"['plugg', 'pluggnb', 'rage rap']",NO ONE'S NICE TO ME,46HzS7yz0c9udVwtbHk1sx,61,170083,True,0.774,0.732,5,-5.899,0,0.117,0.0152,0,0.36,0.451,135.984,4
154,7hrN9HumCLEY1SwqWxrRfg,TURN IT UP,Cochise,"['plugg', 'pluggnb', 'rage rap']",THE INSPECTION,46HzS7yz0c9udVwtbHk1sx,65,202515,True,0.562,0.711,2,-4.984,1,0.31,0.0164,0,0.189,0.226,160.039,4
155,2yUAogxEgxEHBGG3zw57x9,COOK UP,Cochise,"['plugg', 'pluggnb', 'rage rap']",COOK UP,46HzS7yz0c9udVwtbHk1sx,66,129729,True,0.881,0.609,0,-7.117,0,0.15,0.0349,9.09e-06,0.125,0.603,147.902,4
156,78lZrJlnMwLfL4VKkYZhWD,HYDROPLANE,Cochise,"['plugg', 'pluggnb', 'rage rap']",NO ONE'S NICE TO ME,46HzS7yz0c9udVwtbHk1sx,63,162705,True,0.501,0.8,7,-5.731,0,0.0492,0.0219,0,0.197,0.128,79.932,4
157,34Aj1Yn5hEZKmRKkfRQNAx,DO IT AGAIN,Cochise,"['plugg', 'pluggnb', 'rage rap']",THE INSPECTION,46HzS7yz0c9udVwtbHk1sx,60,130021,True,0.696,0.662,2,-5.647,1,0.138,0.143,0,0.125,0.216,146.034,4
158,0dIfSEyjNJsdTzJKdBC2co,YAKUZA TIES,Cochise,"['plugg', 'pluggnb', 'rage rap']",NO ONE'S NICE TO ME,46HzS7yz0c9udVwtbHk1sx,62,116014,True,0.62,0.744,10,-5.247,0,0.0662,0.000155,0,0.116,0.521,74.99,4
159,0oeEqSlhD21Lj9uDwyxUu4,GRIND,Cochise,"['plugg', 'pluggnb', 'rage rap']",THE INSPECTION,46HzS7yz0c9udVwtbHk1sx,62,175410,True,0.449,0.376,1,-7.793,0,0.0418,0.0301,0.000534,0.334,0.0732,142.993,4
160,4iSHIHjbwqztgHdSeTjuMN,Grey Gods,Ramirez,"['cloud rap', 'dark trap', 'phonk']",Grey Gorilla,3H6CaRooDAoCeRCpYwOXj2,70,192809,True,0.793,0.665,2,-6.457,1,0.178,0.0265,1.67e-05,0.0796,0.433,159.98,4
161,44x52QgzCxa1VdrLLNZMaw,Sarcophagus II,Ramirez,"['cloud rap', 'dark trap', 'phonk']",Meet Me Where the River Turns Grey,3H6CaRooDAoCeRCpYwOXj2,67,185725,True,0.798,0.799,0,-6.181,0,0.343,0.114,3.04e-06,0.14,0.287,164.971,3
162,4Mqfhqtb5WmondLWYsCCrz,The Boys Are Back In Town,Ramirez,"['cloud rap', 'dark trap', 'phonk']",Sensational,3H6CaRooDAoCeRCpYwOXj2,66,147906,True,0.853,0.701,8,-5.908,1,0.34,0.212,0,0.142,0.643,155.069,4
163,0vMezqQQHkkUrYdL6mgRA2,Grey Magic,Ramirez,"['cloud rap', 'dark trap', 'phonk']",G.R.E.Y.G.O.D.S.I.I.,3H6CaRooDAoCeRCpYwOXj2,65,142706,True,0.837,0.651,6,-11.443,1,0.0601,0.0501,0.00173,0.101,0.36,155.004,4
164,54ShqZjnusN1xknI6IycmY,Deadly Vice,Ramirez,"['cloud rap', 'dark trap', 'phonk']",Deadly Vice,3H6CaRooDAoCeRCpYwOXj2,64,105826,True,0.536,0.896,11,-6.848,1,0.0422,0.000868,0.934,0.101,0.325,127.049,4
165,0p2GWx4qFzfq9UWd0SrODU,The fo Five,Ramirez,"['cloud rap', 'dark trap', 'phonk']",THE PLAYA$ MANUAL,3H6CaRooDAoCeRCpYwOXj2,64,201818,True,0.712,0.922,10,-5.261,0,0.0677,0.218,2.54e-05,0.604,0.709,176.078,4
166,5PTrghejwHIxIQOjEZpjQg,DEAD SPACE,Ramirez,"['cloud rap', 'dark trap', 'phonk']",DEAD SPACE,3H6CaRooDAoCeRCpYwOXj2,63,137195,True,0.769,0.621,9,-10.05,1,0.0545,0.0279,0.837,0.0823,0.176,122.977,4
167,2aShlCzmEwlId17KVpFdYu,Sarcophagus III,Ramirez,"['cloud rap', 'dark trap', 'phonk']",G.R.E.Y.G.O.D.S.I.I.,3H6CaRooDAoCeRCpYwOXj2,63,171781,True,0.756,0.741,1,-4.533,1,0.0618,0.00943,0.227,0.64,0.319,122.999,4
168,64BKgcJtkIZUNO5RzQdNan,Lavender Lust,Ramirez,"['cloud rap', 'dark trap', 'phonk']",THE PLAYA$ MANUAL,3H6CaRooDAoCeRCpYwOXj2,63,64448,True,0.69,0.694,0,-10.249,1,0.312,0.0314,0.404,0.125,0.601,174.041,4
169,6sMPT2noNLupVVqJF4YKtn,Hunnids,Ramirez,"['cloud rap', 'dark trap', 'phonk']",THE PLAYA$ MANUAL,3H6CaRooDAoCeRCpYwOXj2,63,134727,True,0.799,0.878,1,-6.204,1,0.0659,0.0998,0.203,0.148,0.578,162.01,4
170,7w87IxuO7BDcJ3YUqCyMTT,Pumped Up Kicks,Foster The People,"['indietronica', 'modern alternative rock', 'modern rock', 'rock']",Torches,7gP3bB2nilZXLfPHJhMdvc,86,239600,False,0.733,0.71,5,-5.849,0,0.0292,0.145,0.115,0.0956,0.965,127.975,4
171,4BdGO1CaObRD4La9l5Zanz,Sit Next to Me,Foster The People,"['indietronica', 'modern alternative rock', 'modern rock', 'rock']",Sacred Hearts Club,7gP3bB2nilZXLfPHJhMdvc,74,243146,False,0.638,0.738,6,-4.976,0,0.0292,0.117,0.000384,0.689,0.657,97.021,4
172,2flxduIqEbsicdmPyj1WVW,Imagination,Foster The People,"['indietronica', 'modern alternative rock', 'modern rock', 'rock']",Imagination,7gP3bB2nilZXLfPHJhMdvc,73,256266,False,0.744,0.642,2,-4.6,0,0.031,0.115,3.95e-05,0.279,0.63,94.988,4
173,5Fli1xRi01bvCjsZvKWro0,Houdini,Foster The People,"['indietronica', 'modern alternative rock', 'modern rock', 'rock']",Torches,7gP3bB2nilZXLfPHJhMdvc,71,202466,False,0.632,0.908,8,-3.511,1,0.0458,0.00762,0.000172,0.167,0.764,110.024,4
174,4VbDJMkAX3dWNBdn3KH6Wx,Helena Beat,Foster The People,"['indietronica', 'modern alternative rock', 'modern rock', 'rock']",Torches,7gP3bB2nilZXLfPHJhMdvc,66,276173,False,0.67,0.876,5,-4.905,0,0.0536,0.0127,0.00302,0.109,0.736,126.968,4
175,4HRa9ZWcmZ8JD7UySPu0wT,Don't Stop (Color on the Walls),Foster The People,"['indietronica', 'modern alternative rock', 'modern rock', 'rock']",Torches,7gP3bB2nilZXLfPHJhMdvc,65,174920,False,0.611,0.948,1,-3.751,0,0.0753,0.00183,0.0995,0.0969,0.79,133.004,4
176,3u1Er1rkjn1oSz1xdZH3ZD,Call It What You Want,Foster The People,"['indietronica', 'modern alternative rock', 'modern rock', 'rock']",Torches,7gP3bB2nilZXLfPHJhMdvc,64,238786,False,0.641,0.967,5,-4.289,0,0.0601,0.0483,0.000276,0.442,0.725,113.017,4
177,6ReKt5x6FVUXTMdWNC6GAQ,Lotus Eater,Foster The People,"['indietronica', 'modern alternative rock', 'modern rock', 'rock']",Sacred Hearts Club,7gP3bB2nilZXLfPHJhMdvc,64,182653,False,0.597,0.733,11,-4.727,0,0.11,0.00457,0.00191,0.501,0.866,87.479,4
178,5fgb3Md1xjt3mxeBqguiIA,I Would Do Anything for You,Foster The People,"['indietronica', 'modern alternative rock', 'modern rock', 'rock']",Torches,7gP3bB2nilZXLfPHJhMdvc,62,214080,False,0.597,0.848,0,-5.841,1,0.0308,0.0372,2.33e-05,0.122,0.437,128.009,4
179,7egu63DOhNpivWOpGtzqGS,Lamb's Wool,Foster The People,"['indietronica', 'modern alternative rock', 'modern rock', 'rock']",Lamb's Wool,7gP3bB2nilZXLfPHJhMdvc,61,276360,False,0.433,0.614,8,-7.594,0,0.0499,0.111,5.61e-05,0.141,0.233,178.751,4
180,1T4k0sw0HldDg004Kw4Oct,Forever (feat. Fridayy),Fridayy,[],It's Only Me,7sP4SQ0WY6jfps1I19Ot7i,78,167977,True,0.462,0.251,4,-12.072,0,0.159,0.414,0,0.201,0.137,89.705,3
181,6qtiBwLiezRyj82NVKfvez,Don't Give It Away (with Chris Brown),Fridayy,[],Don't Give It Away,7sP4SQ0WY6jfps1I19Ot7i,69,206143,True,0.645,0.68,5,-6.687,0,0.15,0.246,0,0.103,0.448,95.426,4
182,7MWHxi7gx2M8ghbRRWyQYU,See The Light (feat. Fridayy),Fridayy,[],See The Light,7sP4SQ0WY6jfps1I19Ot7i,73,308860,False,0.586,0.877,3,-8.164,1,0.0373,0.0115,0.841,0.103,0.106,129.012,4
183,2sOj9vyd6yiss9W1IK6chU,"GOD DID (feat. Rick Ross, Lil Wayne, Jay-Z, John Legend & Fridayy)",Fridayy,[],GOD DID,7sP4SQ0WY6jfps1I19Ot7i,66,501648,True,0.42,0.725,8,-4.262,1,0.223,0.092,0,0.18,0.186,77.941,1
184,7Edr1e24lcvCFIuuYfahWR,Countin' On You,Fridayy,[],Countin' On You (FAST X Soundtrack),7sP4SQ0WY6jfps1I19Ot7i,61,148037,False,0.647,0.577,0,-5.859,0,0.0349,0.0682,2.18e-06,0.183,0.412,106.944,4
185,2FX0YSnyAJ8jxvysMiSp9P,Blessings (with Asake) - Remix,Fridayy,[],Lost In Melody (Deluxe),7sP4SQ0WY6jfps1I19Ot7i,49,185083,True,0.438,0.298,10,-9.119,1,0.0367,0.863,1.17e-06,0.12,0.525,67.894,3
186,7JCJouqq9muFdSRXWyi6vZ,Don't Give Up On Me,Fridayy,[],Lost In Melody,7sP4SQ0WY6jfps1I19Ot7i,53,165041,True,0.455,0.308,6,-9.067,0,0.031,0.862,0,0.166,0.358,90.171,4
187,00oGVikl6GISbBbCiJyyi4,God Sent (feat. Vory),Fridayy,[],Lost In Melody,7sP4SQ0WY6jfps1I19Ot7i,48,174946,True,0.409,0.49,3,-7.757,0,0.0438,0.835,0,0.183,0.694,85.385,4
188,3kIFv12YSSLMTDrUEF5IYx,Come Through,Fridayy,[],Lost In Melody,7sP4SQ0WY6jfps1I19Ot7i,47,132587,False,0.557,0.367,8,-7.899,1,0.35,0.663,0.0276,0.124,0.496,104.934,4
189,4clYYm4VdZaqQkiNHSfIQG,Shoot,Fridayy,[],Lost In Melody (Deluxe),7sP4SQ0WY6jfps1I19Ot7i,48,144869,True,0.692,0.514,5,-6.941,0,0.0937,0.0596,0,0.126,0.276,119.979,4
190,5kUs3EVHCalJewyv29ozfx,Delta Dawn,Tanya Tucker,"['country', 'country dawn', 'country road', 'outlaw country']",Would You Lay With Me (In a Field of Stone),7dmeVSH4lJqxXU7C87dKIB,57,175093,False,0.621,0.415,5,-11.74,1,0.0345,0.701,0,0.366,0.673,77.99,4
191,7k9F26WpokhmRjzwxlCsCP,Two Sparrows In A Hurricane,Tanya Tucker,"['country', 'country dawn', 'country road', 'outlaw country']",Can't Run From Yourself,7dmeVSH4lJqxXU7C87dKIB,58,250533,False,0.471,0.246,10,-13.678,1,0.0311,0.568,4.7e-06,0.109,0.226,97.101,4
192,529x2bhs2op70bGqGOoLk4,Okie From Muskogee - Live,Tanya Tucker,"['country', 'country dawn', 'country road', 'outlaw country']",Okie From Muskogee (Live),7dmeVSH4lJqxXU7C87dKIB,58,95746,False,0.309,0.928,11,-6.886,1,0.0846,0.322,0.00197,0.984,0.513,74.272,4
193,071rsSHHxgGg6eZMjEvSkU,Breakfast In Birmingham [Feat. Brandi Carlile],Tanya Tucker,"['country', 'country dawn', 'country road', 'outlaw country']",Sweet Western Sound,7dmeVSH4lJqxXU7C87dKIB,44,210160,False,0.464,0.604,5,-8.649,1,0.0538,0.528,8.73e-06,0.0874,0.753,163.34,4
194,4HCugTrpZ4fBcTF4tQW1Fc,Down To My Last Teardrop,Tanya Tucker,"['country', 'country dawn', 'country road', 'outlaw country']",What Do I Do With Me,7dmeVSH4lJqxXU7C87dKIB,53,210200,False,0.76,0.683,4,-8.374,1,0.0353,0.272,0,0.0959,0.733,112.949,4
195,3PkASUKHoNOWzGmDkwnnG5,Love Me Like You Used To,Tanya Tucker,"['country', 'country dawn', 'country road', 'outlaw country']",Love Me Like You Used To,7dmeVSH4lJqxXU7C87dKIB,52,229600,False,0.58,0.155,10,-17.386,1,0.0278,0.729,0,0.0859,0.479,89.339,4
196,6llQR8WPfZwSEClYrd0r6y,What's Your Mama's Name,Tanya Tucker,"['country', 'country dawn', 'country road', 'outlaw country']",What's Your Mama's Name,7dmeVSH4lJqxXU7C87dKIB,41,183600,False,0.57,0.303,5,-16.504,1,0.0469,0.481,0,0.269,0.498,79.876,4
197,62qNdSlhFznQD0gHpCGrtw,Delta Dawn,Tanya Tucker,"['country', 'country dawn', 'country road', 'outlaw country']",Delta Dawn,7dmeVSH4lJqxXU7C87dKIB,51,178400,False,0.549,0.424,0,-12.892,1,0.0369,0.668,0,0.319,0.509,76.783,4
198,2qXR5YWhvtYIoewHjvflss,San Antonio Stroll,Tanya Tucker,"['country', 'country dawn', 'country road', 'outlaw country']",Tanya Tucker's Greatest Hits,7dmeVSH4lJqxXU7C87dKIB,50,170493,False,0.658,0.353,9,-16.815,1,0.0569,0.541,0,0.0882,0.874,115.843,4
199,2W75fhviAbMsqe8g7ySeBr,Strong Enough To Bend,Tanya Tucker,"['country', 'country dawn', 'country road', 'outlaw country']",Strong Enough To Bend,7dmeVSH4lJqxXU7C87dKIB,48,163773,False,0.632,0.374,8,-12.49,1,0.0271,0.75,8.45e-06,0.0879,0.694,91.806,4
200,26S4zlcYuxZblpZt0Pz2hZ,Noche de Entierro - Nuestro Amor,"Héctor ""El Father""","['reggaeton', 'urbano latino']",20 Number 1's Now,2TjgzYcbTdsZjbT9OItIeB,53,263387,False,0.881,0.752,4,-7.063,0,0.158,0.129,0.00139,0.0986,0.402,96.996,4
201,614NVFo5csQqRnryl4jXs2,El Telefono,"Héctor ""El Father""","['reggaeton', 'urbano latino']",The Bad Boy,2TjgzYcbTdsZjbT9OItIeB,73,235626,False,0.808,0.682,2,-7.128,1,0.0963,0.171,1.42e-06,0.464,0.491,89.987,4
202,1DdrejuwM8C3ExsXaPAgF8,Noche de Travesura,"Héctor ""El Father""","['reggaeton', 'urbano latino']",Goldstar Music La Familia Reggaeton Hits,2TjgzYcbTdsZjbT9OItIeB,74,207786,False,0.826,0.532,9,-11.731,1,0.238,0.292,0,0.075,0.45,92.003,4
203,2sGmT34Yii7lrcrtxC4Pkt,Sola,"Héctor ""El Father""","['reggaeton', 'urbano latino']",The Bad Boy,2TjgzYcbTdsZjbT9OItIeB,62,173506,False,0.759,0.654,10,-7.553,0,0.181,0.3,0,0.648,0.486,89.99,4
204,6eyrEbsUwKUPXNxv6FuCqv,Déjale Caer To' El Peso (feat. Yomo),"Héctor ""El Father""","['reggaeton', 'urbano latino']",Goldstar Music La Familia Reggaeton Hits,2TjgzYcbTdsZjbT9OItIeB,63,248406,False,0.846,0.619,3,-11.52,0,0.216,0.124,0,0.0748,0.75,96.005,4
205,2A4S6qvdOXOl0IvGasvpi5,Sacala,"Héctor ""El Father""","['reggaeton', 'urbano latino']",Sacala,2TjgzYcbTdsZjbT9OItIeB,62,290626,True,0.616,0.655,1,-8.331,0,0.312,0.218,4.08e-05,0.122,0.447,95.015,4
206,3l1KMArNsKOR29ppTBhCzw,El Father,"Héctor ""El Father""","['reggaeton', 'urbano latino']",El Father,2TjgzYcbTdsZjbT9OItIeB,60,195873,True,0.777,0.633,8,-6.289,1,0.0962,0.32,4.52e-06,0.116,0.512,173.726,4
207,33y08bwbpU8Fn8KzBm5lAy,Hola Bebe,"Héctor ""El Father""","['reggaeton', 'urbano latino']",The Bad Boy (The Most Wanted Edition),2TjgzYcbTdsZjbT9OItIeB,59,227853,False,0.741,0.735,3,-8.158,0,0.1,0.516,0,0.861,0.609,96.007,4
208,1n378okiaJGDR06by3YM2U,Machete,"Héctor ""El Father""","['reggaeton', 'urbano latino']",Los Anormales,2TjgzYcbTdsZjbT9OItIeB,56,182026,False,0.75,0.916,0,-6.428,1,0.0528,0.0845,0.00359,0.0315,0.826,172.052,4
209,5QpUAyROQsLtNLPY5TJcFv,Tu Quieres Duro,"Héctor ""El Father""","['reggaeton', 'urbano latino']",Mi Trayectoria,2TjgzYcbTdsZjbT9OItIeB,56,218106,False,0.802,0.873,11,-5.698,1,0.054,0.275,3.12e-06,0.308,0.0933,95.0,4
210,37nXsqE1XW0cxOQvIMsmFc,Conteo Regresivo - Salsa Version,Gilberto Santa Rosa,"['salsa', 'salsa puertorriquena', 'tropical']",Contraste,27vNK840zYq6IfDijHPsv1,74,266786,False,0.777,0.72,8,-6.162,1,0.0803,0.778,0,0.069,0.96,163.905,4
211,0tzixmHNQfE6S6SirSToxW,El Ultimo Adiós - Varios Artistas Version,Gilberto Santa Rosa,"['salsa', 'salsa puertorriquena', 'tropical']",El Ultimo Adiós,27vNK840zYq6IfDijHPsv1,75,237466,False,0.276,0.572,1,-7.818,1,0.0377,0.641,0,0.2,0.285,77.986,4
212,7qBkcrTsCBrIV7TsMMQcCZ,Lo Grande Que Es Perdonar (with Gilberto Santa Rosa),Gilberto Santa Rosa,"['salsa', 'salsa puertorriquena', 'tropical']","Reggaeton! (18 Latin Hits, The Very Best of Reggaeton, Dembow, Urban)",27vNK840zYq6IfDijHPsv1,47,282400,False,0.513,0.841,9,-3.202,0,0.326,0.178,0,0.24,0.509,167.82,4
213,6Fxn2ZdlXbKesbhxHbHa9p,Conciencia,Gilberto Santa Rosa,"['salsa', 'salsa puertorriquena', 'tropical']",Perspectiva,27vNK840zYq6IfDijHPsv1,52,332093,False,0.569,0.644,10,-8.286,1,0.0408,0.514,6.66e-06,0.257,0.895,176.919,4
214,3GgI4QQWvsqqdKCvnNN0UM,La Agarro Bajando,Gilberto Santa Rosa,"['salsa', 'salsa puertorriquena', 'tropical']",Intenso,27vNK840zYq6IfDijHPsv1,67,254933,False,0.807,0.768,5,-6.745,0,0.0427,0.332,3.09e-06,0.251,0.962,100.324,4
215,7JElWLgpQ7lxN1JNIYwuVu,Que Alguien Me Diga,Gilberto Santa Rosa,"['salsa', 'salsa puertorriquena', 'tropical']",Expresion,27vNK840zYq6IfDijHPsv1,65,290413,False,0.585,0.868,7,-7.285,0,0.0444,0.256,0,0.197,0.758,94.098,4
216,2Xg030uYjEA9FNiSKbD3R8,Un Montón de Estrellas,Gilberto Santa Rosa,"['salsa', 'salsa puertorriquena', 'tropical']",Viceversa,27vNK840zYq6IfDijHPsv1,62,273880,False,0.796,0.766,5,-5.227,0,0.035,0.392,0,0.0678,0.945,91.767,4
217,7hqI73OXybfZ6FV9O4WrNs,Sombra Loca,Gilberto Santa Rosa,"['salsa', 'salsa puertorriquena', 'tropical']",Auténtico,27vNK840zYq6IfDijHPsv1,59,289706,False,0.761,0.686,0,-8.283,0,0.0498,0.586,0,0.06,0.837,167.016,4
218,0VYr8pbndXkYntwd9xCR9U,Vivir Sin Ella,Gilberto Santa Rosa,"['salsa', 'salsa puertorriquena', 'tropical']",Punto de Vista,27vNK840zYq6IfDijHPsv1,43,311160,False,0.501,0.562,7,-10.503,1,0.0464,0.723,5.23e-05,0.199,0.907,175.095,4
219,32SPBwfOUyscWaVykPdfrg,Sin Voluntad,Gilberto Santa Rosa,"['salsa', 'salsa puertorriquena', 'tropical']",Nace Aquí,27vNK840zYq6IfDijHPsv1,57,302840,False,0.699,0.696,5,-9.325,0,0.0333,0.431,9e-06,0.165,0.897,162.446,4
220,5oQcOu1omDykbIPSdSQQNJ,1985,Bowling For Soup,"['neon pop punk', 'pop punk', 'texas pop punk']",A Hangover You Don't Deserve,5ND0mGcL9SKSjWIjPd0xIb,73,193000,False,0.606,0.887,4,-4.404,1,0.0598,0.000242,0,0.337,0.903,119.974,4
221,0KqyBk4aVT88TEqBIC8mAP,Girl All the Bad Guys Want,Bowling For Soup,"['neon pop punk', 'pop punk', 'texas pop punk']",Drunk Enough To Dance,5ND0mGcL9SKSjWIjPd0xIb,66,197800,False,0.582,0.829,2,-5.688,1,0.0465,0.000517,0,0.266,0.867,130.969,4
222,1bhjMY5O0ZjB41OHcdRH0a,High School Never Ends - Main Version - Explicit,Bowling For Soup,"['neon pop punk', 'pop punk', 'texas pop punk']",The Great Burrito Extortion Case,5ND0mGcL9SKSjWIjPd0xIb,65,209040,True,0.536,0.923,2,-3.494,1,0.125,0.0122,0,0.142,0.77,160.03,4
223,19Js5ypV6JKn4DMExHQbGc,Stacy's Mom,Bowling For Soup,"['neon pop punk', 'pop punk', 'texas pop punk']",I've Never Done Anything Like This,5ND0mGcL9SKSjWIjPd0xIb,61,193042,False,0.728,0.801,4,-3.636,1,0.0752,0.00349,0.000195,0.0907,0.813,119.989,4
224,6TclVCUxDQm9s3Bey6Ao8H,Almost,Bowling For Soup,"['neon pop punk', 'pop punk', 'texas pop punk']",A Hangover You Don't Deserve,5ND0mGcL9SKSjWIjPd0xIb,60,206160,False,0.546,0.882,11,-4.019,1,0.0394,0.000784,0,0.186,0.64,139.966,4
225,4COleG16xBCkpofKHsJU2p,Ohio (Come Back To Texas),Bowling For Soup,"['neon pop punk', 'pop punk', 'texas pop punk']",A Hangover You Don't Deserve,5ND0mGcL9SKSjWIjPd0xIb,57,230560,False,0.416,0.748,11,-4.83,1,0.0487,7.43e-05,0,0.0995,0.792,150.094,4
226,3ey4YvqYyU7a44LCPUgLzx,I Ran (So Far Away),Bowling For Soup,"['neon pop punk', 'pop punk', 'texas pop punk']",Drunk Enough To Dance,5ND0mGcL9SKSjWIjPd0xIb,56,154680,False,0.474,0.879,9,-4.548,0,0.0528,5.73e-05,0,0.0987,0.587,165.014,4
227,2monU2EJfR5m53ciaHNE6z,Today is Gonna be a Great Day - Theme Song to Phineas and Ferb,Bowling For Soup,"['neon pop punk', 'pop punk', 'texas pop punk']",Phineas and Ferb,5ND0mGcL9SKSjWIjPd0xIb,52,181026,False,0.429,0.889,8,-4.055,1,0.0711,0.00687,0,0.397,0.735,168.078,4
228,1RxLSgcsZimzKnpCLzdVsi,Punk Rock 101,Bowling For Soup,"['neon pop punk', 'pop punk', 'texas pop punk']",Drunk Enough To Dance,5ND0mGcL9SKSjWIjPd0xIb,54,188320,False,0.579,0.925,4,-5.026,1,0.0509,3.75e-05,0,0.174,0.66,117.984,4
229,1AHGrKFv3nSCH9K7yg8gOz,Punk Rock 101,Bowling For Soup,"['neon pop punk', 'pop punk', 'texas pop punk']",Songs People Actually Liked - Volume 1 - The First 10 Years (1994-2003),5ND0mGcL9SKSjWIjPd0xIb,49,184322,False,0.63,0.936,4,-4.576,1,0.084,0.00128,0,0.0823,0.733,117.962,4
230,1bgKMxPQU7JIZEhNsM1vFs,Words (feat. Zara Larsson),Alesso,"['dance pop', 'edm', 'pop', 'pop dance', 'progressive electro house']",Words (feat. Zara Larsson),4AVFqumd2ogHFlRbKIjp1t,84,142677,False,0.739,0.586,10,-5.079,0,0.0472,0.0245,0.000252,0.308,0.444,124.026,4
231,5902W4uHWzhtOff1UK7the,When I’m Gone (with Katy Perry),Alesso,"['dance pop', 'edm', 'pop', 'pop dance', 'progressive electro house']",When I’m Gone (with Katy Perry),4AVFqumd2ogHFlRbKIjp1t,79,161266,False,0.685,0.886,0,-4.179,1,0.034,0.028,0,0.481,0.615,125.034,4
232,5Gu0PDLN4YJeW75PpBSg9p,"Let Me Go (with Alesso, Florida Georgia Line & watt)",Alesso,"['dance pop', 'edm', 'pop', 'pop dance', 'progressive electro house']","Let Me Go (with Alesso, Florida Georgia Line & watt)",4AVFqumd2ogHFlRbKIjp1t,79,174800,False,0.664,0.708,8,-4.154,1,0.0474,0.0337,0,0.0841,0.742,103.07,4
233,4J7CKHCF3mdL4diUsmW8lq,Under Control (feat. Hurts),Alesso,"['dance pop', 'edm', 'pop', 'pop dance', 'progressive electro house']",Motion,4AVFqumd2ogHFlRbKIjp1t,78,184280,False,0.544,0.915,8,-3.405,1,0.0841,0.129,0.000914,0.115,0.51,126.094,4
234,3zU9rdflI65tK4dkkNSp77,Heroes (we could be),Alesso,"['dance pop', 'edm', 'pop', 'pop dance', 'progressive electro house']",Forever,4AVFqumd2ogHFlRbKIjp1t,75,210013,False,0.503,0.748,5,-4.124,1,0.0619,0.0305,0,0.343,0.356,125.896,4
235,1hZk9dktp4yRFTm0TrycuH,If I Lose Myself - Alesso vs OneRepublic,Alesso,"['dance pop', 'edm', 'pop', 'pop dance', 'progressive electro house']",Native,4AVFqumd2ogHFlRbKIjp1t,64,214813,False,0.523,0.782,2,-4.846,1,0.041,0.219,1.03e-05,0.133,0.164,125.998,4
236,4NH496Sf2JEOvDRxEuIBc4,Without You,Alesso,"['dance pop', 'edm', 'pop', 'pop dance', 'progressive electro house']",Without You,4AVFqumd2ogHFlRbKIjp1t,69,143440,False,0.576,0.935,0,-3.805,0,0.102,0.15,0,0.724,0.609,128.051,4
237,6LNjIsgHNs4q75uPt4rYf6,Calling (Lose My Mind) - Radio Edit,Alesso,"['dance pop', 'edm', 'pop', 'pop dance', 'progressive electro house']",EDM Hits,4AVFqumd2ogHFlRbKIjp1t,60,205440,False,0.416,0.85,1,-4.91,0,0.0455,0.00849,0.000175,0.204,0.142,125.096,4
238,6y6xhAgZjvxy5kR5rigpY3,Chasing Stars (feat. James Bay),Alesso,"['dance pop', 'edm', 'pop', 'pop dance', 'progressive electro house']",Chasing Stars (feat. James Bay),4AVFqumd2ogHFlRbKIjp1t,68,170457,False,0.594,0.64,10,-6.865,1,0.033,0.0169,0,0.135,0.492,92.871,4
239,4JvJj733DNy6nuVcC1NzCq,Caught A Body (with Ty Dolla $ign),Alesso,"['dance pop', 'edm', 'pop', 'pop dance', 'progressive electro house']",Caught A Body (with Ty Dolla $ign),4AVFqumd2ogHFlRbKIjp1t,68,149110,True,0.803,0.852,1,-5.557,0,0.0617,0.0113,0.0192,0.283,0.388,118.006,4
240,4Hhv2vrOTy89HFRcjU3QOx,At Last,Etta James,"['jazz blues', 'soul', 'soul blues', 'torch song', 'vocal jazz']",At Last!,0iOVhN3tnSvgDbcg25JoJb,78,179693,False,0.274,0.348,5,-8.631,1,0.0293,0.547,0.0133,0.334,0.328,87.43,3
241,1kPBT8S2wJFNAyBMnGVZgL,I'd Rather Go Blind,Etta James,"['jazz blues', 'soul', 'soul blues', 'torch song', 'vocal jazz']",Tell Mama,0iOVhN3tnSvgDbcg25JoJb,76,156653,False,0.477,0.433,11,-6.473,0,0.0247,0.689,0.000195,0.151,0.611,82.52,3
242,0zGLlXbHlrAyBN1x6sY0rb,A Sunday Kind Of Love,Etta James,"['jazz blues', 'soul', 'soul blues', 'torch song', 'vocal jazz']",At Last!,0iOVhN3tnSvgDbcg25JoJb,72,196133,False,0.421,0.285,2,-9.43,0,0.0293,0.829,1.55e-06,0.233,0.402,85.861,4
243,2IdwQxhJn9ZE4zIotcCefR,Stormy Weather,Etta James,"['jazz blues', 'soul', 'soul blues', 'torch song', 'vocal jazz']",At Last!,0iOVhN3tnSvgDbcg25JoJb,70,187666,False,0.262,0.356,0,-8.031,0,0.0303,0.613,0,0.175,0.426,174.176,3
244,6EAlFsajDK1PVgfhdJbS5Y,Something's Got A Hold On Me,Etta James,"['jazz blues', 'soul', 'soul blues', 'torch song', 'vocal jazz']",Heart & Soul: A Retrospective,0iOVhN3tnSvgDbcg25JoJb,68,169746,False,0.471,0.585,1,-6.105,1,0.0822,0.786,0,0.811,0.655,150.719,4
245,3QnHWkNMY2mpy494Bis0ly,I Just Want To Make Love To You - Single Version,Etta James,"['jazz blues', 'soul', 'soul blues', 'torch song', 'vocal jazz']",At Last!,0iOVhN3tnSvgDbcg25JoJb,66,185626,False,0.642,0.523,3,-8.579,1,0.11,0.772,3.26e-06,0.527,0.654,101.635,4
246,5Zu9mG353GB3p26t7M5AmR,Trust In Me,Etta James,"['jazz blues', 'soul', 'soul blues', 'torch song', 'vocal jazz']",At Last!,0iOVhN3tnSvgDbcg25JoJb,59,178466,False,0.486,0.377,10,-6.777,0,0.0309,0.776,0,0.39,0.5,64.033,4
247,6eFgjBTF91pOZTQ8t7xBHv,Tell Mama,Etta James,"['jazz blues', 'soul', 'soul blues', 'torch song', 'vocal jazz']",Tell Mama,0iOVhN3tnSvgDbcg25JoJb,56,144000,False,0.676,0.784,5,-6.599,1,0.0334,0.212,0.00288,0.258,0.937,119.812,4
248,2mVp83pLkWJN03Ha8Txydf,"Do Right Woman, Do Right Man",Etta James,"['jazz blues', 'soul', 'soul blues', 'torch song', 'vocal jazz']",Heart & Soul: A Retrospective,0iOVhN3tnSvgDbcg25JoJb,56,178440,False,0.449,0.412,2,-7.19,1,0.0297,0.581,7.01e-06,0.452,0.432,144.185,3
249,7Ca3Zb8wejNYCoei3tlJ9e,All I Could Do Was Cry,Etta James,"['jazz blues', 'soul', 'soul blues', 'torch song', 'vocal jazz']",At Last!,0iOVhN3tnSvgDbcg25JoJb,54,175626,False,0.363,0.244,8,-8.968,1,0.0303,0.725,8.87e-05,0.456,0.512,173.509,3
250,3i5QyEUyXa9Y7lIklr5sWk,Fishing In The Dark,Nitty Gritty Dirt Band,"['country rock', 'heartland rock']",Anthology,7y70dch6JuuuNnwlsOQvwW,76,201986,False,0.765,0.494,2,-7.348,1,0.0377,0.31,0,0.0836,0.91,77.724,4
251,3cq6mwsjgygbwRIi9wVPGv,Mr. Bojangles - Remastered 2001,Nitty Gritty Dirt Band,"['country rock', 'heartland rock']",Certified Hits (Remastered),7y70dch6JuuuNnwlsOQvwW,57,215400,False,0.444,0.757,11,-6.884,0,0.0541,0.699,0,0.329,0.554,154.26,3
252,7ny63lhhFA36LKmtu4IxiW,Cadillac Ranch,Nitty Gritty Dirt Band,"['country rock', 'heartland rock']",Road Trip Blues Rock,7y70dch6JuuuNnwlsOQvwW,46,222773,False,0.65,0.724,4,-7.252,1,0.0286,0.00902,4.1e-05,0.319,0.886,134.816,4
253,4zqFPSBji6hVDBFWxzp6Oz,An American Dream,Nitty Gritty Dirt Band,"['country rock', 'heartland rock']",An American Dream,7y70dch6JuuuNnwlsOQvwW,54,217200,False,0.776,0.635,2,-6.321,1,0.0282,0.253,0,0.0817,0.825,111.192,4
254,5W0mW4ovdRQmUdr1cWNds6,You Ain't Going Nowhere,Nitty Gritty Dirt Band,"['country rock', 'heartland rock']",Will The Circle Be Unbroken Volume Two,7y70dch6JuuuNnwlsOQvwW,48,232360,False,0.586,0.503,7,-13.328,1,0.0458,0.344,0,0.233,0.661,133.778,4
255,1SfGvSpwE0HBSjmkaEB1db,Will The Circle Be Unbroken,Nitty Gritty Dirt Band,"['country rock', 'heartland rock']",Will The Circle Be Unbroken Volume Two,7y70dch6JuuuNnwlsOQvwW,44,338173,False,0.452,0.43,9,-15.223,1,0.0405,0.289,0,0.311,0.432,106.522,4
256,728MAA4aiTVtTxn0Z2k1cu,Make A Little Magic,Nitty Gritty Dirt Band,"['country rock', 'heartland rock']",Make A Little Magic,7y70dch6JuuuNnwlsOQvwW,42,237466,False,0.668,0.667,5,-6.022,1,0.0313,0.161,0,0.0748,0.573,120.306,4
257,5GlxeDVLztQiEwzmrgUiUd,Long Hard Road (The Sharecropper's Dream),Nitty Gritty Dirt Band,"['country rock', 'heartland rock']",Anthology,7y70dch6JuuuNnwlsOQvwW,42,200533,False,0.503,0.51,2,-8.199,1,0.0295,0.336,0,0.0766,0.611,84.285,4
258,06uiDyZsrwnZ0o0q1Y8Ax2,Mr. Bojangles,Nitty Gritty Dirt Band,"['country rock', 'heartland rock']",Mr. Bojangles,7y70dch6JuuuNnwlsOQvwW,44,234613,False,0.534,0.536,6,-6.957,1,0.0276,0.481,4.18e-06,0.225,0.306,143.731,3
259,14zVtZkZKHh5bDxUlivVRr,Jambalaya (On The Bayou),Nitty Gritty Dirt Band,"['country rock', 'heartland rock']",All The Good Times,7y70dch6JuuuNnwlsOQvwW,43,206706,False,0.394,0.924,9,-7.049,1,0.0556,0.697,0,0.148,0.851,93.352,4
260,6ZblDQM0Gq0daaPAwuHOmD,Wellerman,The Longest Johns,['shanty'],Between Wind And Water,5k979N1TnPncUyqlXlaRSv,60,136500,False,0.795,0.438,3,-7.38,1,0.266,0.692,0,0.23,0.824,95.476,4
261,3axCgesL3rsjGzCX9ZJCTo,Bones in the Ocean,The Longest Johns,['shanty'],Bones in the Ocean,5k979N1TnPncUyqlXlaRSv,58,193835,False,0.841,0.166,1,-13.163,1,0.179,0.896,0,0.227,0.437,79.985,3
262,21Jm43WPaIsv82UJsPkMF0,Santiana,The Longest Johns,['shanty'],Between Wind And Water,5k979N1TnPncUyqlXlaRSv,56,174500,False,0.73,0.344,4,-6.847,1,0.0636,0.942,0,0.707,0.726,134.543,3
263,4n5UwoPQn0tBlqxQjyEMdB,Drunken Sailor,The Longest Johns,['shanty'],Written in Salt,5k979N1TnPncUyqlXlaRSv,55,144760,False,0.838,0.403,2,-6.604,1,0.279,0.85,0,0.0699,0.744,120.03,4
264,38FCXf9CTcH9MJKn3WsJ7x,Oak & Ash & Thorn,The Longest Johns,['shanty'],Cures What Ails Ya,5k979N1TnPncUyqlXlaRSv,55,248940,False,0.475,0.577,7,-7.498,1,0.0307,0.574,0,0.0967,0.6,111.973,4
265,74D4H6tg3QnZ1SpEA9pjGk,Ashes,The Longest Johns,['shanty'],Cures What Ails Ya,5k979N1TnPncUyqlXlaRSv,54,201000,False,0.484,0.431,6,-7.449,1,0.0489,0.826,0,0.0787,0.205,99.829,3
266,5p2UScFyWs7RcAtZyPR6qx,Hammer And The Anvil,The Longest Johns,['shanty'],Smoke & Oakum,5k979N1TnPncUyqlXlaRSv,53,168213,False,0.9,0.515,3,-9.93,0,0.379,0.589,0,0.156,0.69,99.093,4
267,00RA2qfOIrSfaok3HU48eb,On the Railroad,The Longest Johns,['shanty'],Written in Salt,5k979N1TnPncUyqlXlaRSv,52,168746,False,0.631,0.471,5,-5.357,0,0.263,0.915,0,0.0882,0.615,86.059,4
268,6gDpLHPrId2edxNY0sLK4z,One More Pull,The Longest Johns,['shanty'],The Wellermen,5k979N1TnPncUyqlXlaRSv,50,238867,False,0.35,0.37,3,-10.444,1,0.0894,0.685,0,0.33,0.372,166.501,1
269,6xhLjxsDRrBjNH7DWFRnJn,Here's a Health to the Company,The Longest Johns,['shanty'],Cures What Ails Ya,5k979N1TnPncUyqlXlaRSv,51,250102,False,0.632,0.289,8,-9.008,1,0.0262,0.556,0,0.125,0.306,98.027,3
270,7jVBSPLSbL1jKVBDMXlRCx,(What A) Wonderful World,Sam Cooke,"['classic soul', 'soul', 'vocal jazz']",A Valentine For You,6hnWRPzGGKiapVX1UCdEAC,68,127186,False,0.588,0.561,11,-10.438,1,0.0406,0.56,0,0.276,0.943,128.6,4
271,5EoYc5wvRYOtkudLfrjsL1,Bring It On Home to Me,Sam Cooke,"['classic soul', 'soul', 'vocal jazz']",The Best of Sam Cooke,6hnWRPzGGKiapVX1UCdEAC,68,164252,False,0.487,0.532,0,-7.496,1,0.0322,0.631,0,0.184,0.609,70.838,4
272,0KOE1hat4SIer491XKk4Pa,A Change Is Gonna Come,Sam Cooke,"['classic soul', 'soul', 'vocal jazz']",Ain't That Good News,6hnWRPzGGKiapVX1UCdEAC,70,191160,False,0.212,0.383,10,-10.071,1,0.0347,0.723,0,0.299,0.452,173.79,3
273,24lvdbt9pS7DFEjhEWSl49,You Send Me,Sam Cooke,"['classic soul', 'soul', 'vocal jazz']",A Cupid's Valentine,6hnWRPzGGKiapVX1UCdEAC,63,163480,False,0.558,0.311,4,-9.582,0,0.0288,0.887,0,0.118,0.415,95.978,4
274,7FS541dJh3iQAEXEZoDhE6,Twistin' the Night Away,Sam Cooke,"['classic soul', 'soul', 'vocal jazz']",Twistin' the Night Away,6hnWRPzGGKiapVX1UCdEAC,66,159853,False,0.458,0.801,9,-7.83,1,0.0565,0.691,0,0.328,0.93,160.547,4
275,6e6Kxot9nHyZ4I8GgmGKII,Nothing Can Change This Love,Sam Cooke,"['classic soul', 'soul', 'vocal jazz']",Mr. Soul,6hnWRPzGGKiapVX1UCdEAC,65,158680,False,0.373,0.301,9,-11.843,1,0.0314,0.769,0,0.0816,0.436,65.488,3
276,5Iev69m1Jnf7oc79VvPjpd,Cupid,Sam Cooke,"['classic soul', 'soul', 'vocal jazz']",The Best of Sam Cooke,6hnWRPzGGKiapVX1UCdEAC,61,158013,False,0.485,0.433,7,-10.503,1,0.0342,0.476,0,0.0861,0.825,120.471,4
277,5z8DiKSG4EwxmO6gUi12rZ,Another Saturday Night,Sam Cooke,"['classic soul', 'soul', 'vocal jazz']",Ain't That Good News,6hnWRPzGGKiapVX1UCdEAC,63,160000,False,0.776,0.659,9,-7.767,1,0.051,0.434,0,0.0868,0.969,123.094,4
278,6T8QeJdhOZ1hPxi0sXQKpZ,Summertime,Sam Cooke,"['classic soul', 'soul', 'vocal jazz']",Best of the '50s Volume 2,6hnWRPzGGKiapVX1UCdEAC,49,139146,False,0.652,0.362,6,-10.554,0,0.0321,0.736,1.72e-05,0.141,0.407,120.626,3
279,3CDEoUqFIzVap4v8YFnjr4,I'll Come Running Back To You - Single Version With Dubs,Sam Cooke,"['classic soul', 'soul', 'vocal jazz']",The 2 Sides Of Sam Cooke,6hnWRPzGGKiapVX1UCdEAC,61,133573,False,0.46,0.183,8,-18.639,1,0.179,0.878,0,0.0994,0.485,94.402,4
280,2otVC3BB5KkJNNySWdsDlj,Legendary,Rio Da Yung Og,"['detroit hip hop', 'flint hip hop']",2 Faced,6O1vRHWVGKJTnWuJmItnsx,64,161453,True,0.849,0.329,1,-11.032,1,0.131,0.0326,0,0.221,0.43,96.528,4
281,5cYYahSMiwR4IjR8oZJ5fZ,Paranoid,Rio Da Yung Og,"['detroit hip hop', 'flint hip hop']",Dum and Dumber Too,6O1vRHWVGKJTnWuJmItnsx,64,172460,True,0.554,0.629,8,-10.691,0,0.377,0.000217,0,0.641,0.344,193.034,4
282,0ypgbUTj2YsP1JO3etqq1b,Talkin Crazy,Rio Da Yung Og,"['detroit hip hop', 'flint hip hop']",Talkin Crazy,6O1vRHWVGKJTnWuJmItnsx,60,210050,True,0.763,0.56,4,-9.007,0,0.337,0.321,0,0.116,0.292,102.535,4
283,0DJ6d7MB8BXfGNKS5SuWJr,Lean Chronicles,Rio Da Yung Og,"['detroit hip hop', 'flint hip hop']",Lean Chronicles,6O1vRHWVGKJTnWuJmItnsx,61,139784,True,0.641,0.566,1,-8.269,0,0.405,0.118,0,0.124,0.275,99.88,4
284,2JKkIYGgr3KobERZKzCpa1,1v1 (feat. Lil Yachty),Rio Da Yung Og,"['detroit hip hop', 'flint hip hop']",1v1 (feat. Lil Yachty),6O1vRHWVGKJTnWuJmItnsx,61,173027,True,0.634,0.632,11,-9.193,0,0.493,0.17,0,0.143,0.517,129.278,5
285,47pdWGnNwMniPjOzgl7w68,Too Legendary,Rio Da Yung Og,"['detroit hip hop', 'flint hip hop']",2 Faced,6O1vRHWVGKJTnWuJmItnsx,59,139676,True,0.85,0.328,1,-11.062,1,0.136,0.0332,0,0.254,0.422,96.531,4
286,6c4REcYFMvRkDtuBcW7PjF,S.O.T.B.,Rio Da Yung Og,"['detroit hip hop', 'flint hip hop']",Dum N Dumbber 3,6O1vRHWVGKJTnWuJmItnsx,58,157346,True,0.794,0.57,10,-9.933,0,0.376,0.0123,0,0.113,0.186,98.281,4
287,4fE2Z5phuQ7VbGNr7iiCH5,Movie,Rio Da Yung Og,"['detroit hip hop', 'flint hip hop']",Movie,6O1vRHWVGKJTnWuJmItnsx,57,209049,True,0.801,0.672,0,-8.202,1,0.319,0.0159,0,0.242,0.354,100.02,4
288,1HB02MUTDPP9Em774us0Ws,Speak The Truth,Rio Da Yung Og,"['detroit hip hop', 'flint hip hop']",Speak The Truth,6O1vRHWVGKJTnWuJmItnsx,56,134713,True,0.617,0.485,10,-7.029,1,0.59,0.28,0,0.0802,0.47,71.377,3
289,3YhnPlbJSF44AOLAR0wKtq,Accidental Shit Talking 2,Rio Da Yung Og,"['detroit hip hop', 'flint hip hop']",Accidental Shit Talkin,6O1vRHWVGKJTnWuJmItnsx,55,116100,True,0.668,0.646,1,-10.213,1,0.396,0.0527,0,0.117,0.2,99.969,4
290,5tsI3xxDHDgzHhn30LTQNz,These Days,mike.,"['indie pop rap', 'rhode island rap']",This Isn't The Album,5G9kmDLg3OeUyj8KVBLzbu,72,268565,True,0.815,0.364,2,-11.158,1,0.375,0.533,3.52e-05,0.108,0.328,129.937,4
291,5NXthnJecYXjt7sTEWETTY,life got crazy,mike.,"['indie pop rap', 'rhode island rap']",the highs.,5G9kmDLg3OeUyj8KVBLzbu,68,138928,True,0.71,0.543,5,-9.141,1,0.0527,0.478,8.66e-06,0.0988,0.481,83.965,4
292,4wrhAoRQfmv35znEXDip7X,up again,mike.,"['indie pop rap', 'rhode island rap']",up again,5G9kmDLg3OeUyj8KVBLzbu,65,168902,False,0.844,0.407,1,-9.092,1,0.0507,0.627,0.0276,0.117,0.311,92.981,4
293,3wcds7r4xA9klfbPr81gK7,days go bye,mike.,"['indie pop rap', 'rhode island rap']",the highs.,5G9kmDLg3OeUyj8KVBLzbu,65,165000,True,0.811,0.355,9,-9.808,1,0.0926,0.27,0.00113,0.0995,0.435,88.031,4
294,3CV5fTPdh7g5XOwjeXGmDJ,commas,mike.,"['indie pop rap', 'rhode island rap']",commas,5G9kmDLg3OeUyj8KVBLzbu,62,140869,True,0.715,0.481,1,-9.186,0,0.0548,0.216,1.47e-06,0.107,0.264,92.004,4
295,0jufehOY40rRdvB2t4dsot,rodman,mike.,"['indie pop rap', 'rhode island rap']",the highs.,5G9kmDLg3OeUyj8KVBLzbu,62,228702,True,0.646,0.785,10,-5.882,0,0.0417,0.085,3.43e-05,0.104,0.185,162.987,4
296,79J939ejqjiRAUZZKFSt5a,real things,mike.,"['indie pop rap', 'rhode island rap']",the highs.,5G9kmDLg3OeUyj8KVBLzbu,61,155044,True,0.862,0.439,9,-7.411,0,0.0579,0.39,1.03e-06,0.0888,0.489,113.017,4
297,1s9wSzybysJGkhRcgcgasN,i don't wanna party,mike.,"['indie pop rap', 'rhode island rap']",i don't wanna party,5G9kmDLg3OeUyj8KVBLzbu,60,179424,True,0.755,0.404,9,-6.404,0,0.0539,0.606,8.04e-05,0.127,0.195,99.012,4
298,3QK8wVrYJD2C6DAIypaXW1,good day,mike.,"['indie pop rap', 'rhode island rap']",good day,5G9kmDLg3OeUyj8KVBLzbu,60,168292,True,0.812,0.492,4,-7.784,1,0.126,0.228,0.00128,0.104,0.346,82.002,4
299,7kjjpSYKszLz8TwQXEnqlx,2 birds,mike.,"['indie pop rap', 'rhode island rap']",the highs.,5G9kmDLg3OeUyj8KVBLzbu,60,183960,True,0.807,0.559,7,-6.396,0,0.0844,0.0607,4.44e-06,0.0766,0.289,100.97,4
300,2K2M0TcglCRLLpFOzKeFZA,Sunshine Of Your Love,Cream,"['album rock', 'blues rock', 'british blues', 'classic rock', 'folk rock', 'hard rock', 'psychedelic rock', 'rock', 'singer-songwriter', 'supergroup']",Disraeli Gears (Deluxe Edition),74oJ4qxwOZvX6oSsu1DGnw,73,250400,False,0.683,0.594,2,-8.289,1,0.0347,0.385,8.61e-05,0.121,0.734,115.099,4
301,3Xls4cNOwy01dtrNXb1inG,White Room,Cream,"['album rock', 'blues rock', 'british blues', 'classic rock', 'folk rock', 'hard rock', 'psychedelic rock', 'rock', 'singer-songwriter', 'supergroup']",Wheels Of Fire,74oJ4qxwOZvX6oSsu1DGnw,73,298333,False,0.553,0.576,0,-13.458,1,0.0304,0.191,0.00664,0.0365,0.457,109.827,4
302,47bXIv24jthL4vzZy3j7CY,Strange Brew,Cream,"['album rock', 'blues rock', 'british blues', 'classic rock', 'folk rock', 'hard rock', 'psychedelic rock', 'rock', 'singer-songwriter', 'supergroup']",Disraeli Gears (Deluxe Edition),74oJ4qxwOZvX6oSsu1DGnw,64,166280,False,0.603,0.563,2,-9.932,1,0.0283,0.47,1.04e-05,0.29,0.642,106.431,4
303,6PUabSMXmPnZna361Wwmf7,Crossroads - Live,Cream,"['album rock', 'blues rock', 'british blues', 'classic rock', 'folk rock', 'hard rock', 'psychedelic rock', 'rock', 'singer-songwriter', 'supergroup']",Wheels Of Fire,74oJ4qxwOZvX6oSsu1DGnw,60,258466,False,0.391,0.756,7,-11.317,1,0.0648,0.413,0.0418,0.879,0.839,131.648,4
304,62nYkaIBesfvQSSwTjPnYS,I Feel Free,Cream,"['album rock', 'blues rock', 'british blues', 'classic rock', 'folk rock', 'hard rock', 'psychedelic rock', 'rock', 'singer-songwriter', 'supergroup']",Fresh Cream,74oJ4qxwOZvX6oSsu1DGnw,63,171506,False,0.375,0.448,9,-14.06,1,0.0264,0.106,5.55e-05,0.141,0.564,88.371,4
305,0GxV3poTM7Z7fKSUqy5qFw,Tales Of Brave Ulysses,Cream,"['album rock', 'blues rock', 'british blues', 'classic rock', 'folk rock', 'hard rock', 'psychedelic rock', 'rock', 'singer-songwriter', 'supergroup']",Disraeli Gears (Deluxe Edition),74oJ4qxwOZvX6oSsu1DGnw,58,166453,False,0.538,0.476,0,-9.215,0,0.049,0.0178,4.26e-05,0.101,0.188,105.642,4
306,3oaSvU9VBBmyfPA4lbibQM,Outside Woman Blues,Cream,"['album rock', 'blues rock', 'british blues', 'classic rock', 'folk rock', 'hard rock', 'psychedelic rock', 'rock', 'singer-songwriter', 'supergroup']",Disraeli Gears (Deluxe Edition),74oJ4qxwOZvX6oSsu1DGnw,59,144840,False,0.636,0.589,9,-8.196,1,0.0387,0.389,0.000211,0.379,0.959,113.403,4
307,08xsXR637CEqbxJmpFcuSA,Badge,Cream,"['album rock', 'blues rock', 'british blues', 'classic rock', 'folk rock', 'hard rock', 'psychedelic rock', 'rock', 'singer-songwriter', 'supergroup']",Goodbye,74oJ4qxwOZvX6oSsu1DGnw,56,164706,False,0.596,0.575,4,-14.254,0,0.04,0.449,0.000104,0.0839,0.745,107.573,4
308,2JbS4ZDBIUcXavA9mfb2nC,SWLABR,Cream,"['album rock', 'blues rock', 'british blues', 'classic rock', 'folk rock', 'hard rock', 'psychedelic rock', 'rock', 'singer-songwriter', 'supergroup']",Disraeli Gears (Deluxe Edition),74oJ4qxwOZvX6oSsu1DGnw,55,151680,False,0.549,0.599,4,-6.786,0,0.0454,0.272,1.11e-06,0.147,0.835,124.22,4
309,2uxsnsH0XzOBZkMrSFVmll,Born Under A Bad Sign,Cream,"['album rock', 'blues rock', 'british blues', 'classic rock', 'folk rock', 'hard rock', 'psychedelic rock', 'rock', 'singer-songwriter', 'supergroup']",Wheels Of Fire,74oJ4qxwOZvX6oSsu1DGnw,54,189440,False,0.476,0.504,0,-14.532,1,0.0282,0.295,0.000153,0.256,0.947,183.057,4
310,2z84RrgAVb46HkmvkBtGLg,Right Round - Benny Benassi Remix Edit,Benny Benassi,"['edm', 'electro house', 'pop dance']",Right Round (Remixes),4Ws2otunReOa6BbwxxpCt6,39,202906,False,0.473,0.987,7,-1.033,1,0.26,0.204,0,0.362,0.129,129.154,4
311,6k5DKQMC96daK6fSvAxdQv,Satisfaction,Benny Benassi,"['edm', 'electro house', 'pop dance']",Satisfaction,4Ws2otunReOa6BbwxxpCt6,60,155676,False,0.752,0.935,11,-6.263,1,0.203,0.0742,0.0352,0.081,0.31,126.022,4
312,1n7omixiROWs5q6xpWiQuL,Satisfaction - Isak Original Extended,Benny Benassi,"['edm', 'electro house', 'pop dance']",Hypnotica (Benny Benassi Presents The Biz),4Ws2otunReOa6BbwxxpCt6,69,285570,False,0.793,0.698,11,-3.626,1,0.104,0.163,0.145,0.0745,0.339,130.017,4
313,0iSaO7CfL9NgXdM8Meu2ul,Beautiful People,Benny Benassi,"['edm', 'electro house', 'pop dance']",F.A.M.E. (Expanded Edition),4Ws2otunReOa6BbwxxpCt6,66,226773,False,0.417,0.806,5,-5.339,0,0.16,0.0703,0.00637,0.0841,0.545,127.887,4
314,3DS6zUDAm3X8F6kiGaFfWL,Fade to Black,Benny Benassi,"['edm', 'electro house', 'pop dance']",Fade to Black,4Ws2otunReOa6BbwxxpCt6,66,176129,False,0.652,0.725,4,-8.663,0,0.0402,0.167,0.00398,0.139,0.039,123.958,4
315,02FuO3zDHGFAz0yP7HHGvy,Cinema - Skrillex Remix,Benny Benassi,"['edm', 'electro house', 'pop dance']",Electroman,4Ws2otunReOa6BbwxxpCt6,66,307862,False,0.637,0.985,6,-3.809,0,0.184,0.00988,0.00857,0.0649,0.374,145.111,4
316,0l6fM0B3KDdGRj7R8vo4hK,Satisfaction - Hardwell & Maddix Remix,Benny Benassi,"['edm', 'electro house', 'pop dance']",Satisfaction (Hardwell & Maddix Remix),4Ws2otunReOa6BbwxxpCt6,49,204436,False,0.714,0.896,11,-5.856,1,0.0644,0.00355,0.0645,0.188,0.141,134.998,4
317,1GD5ooLHgV9nolrem1DBiB,The Veldt Cinema - BYNX Edit,Benny Benassi,"['edm', 'electro house', 'pop dance']",The Veldt Cinema (BYNX Edit),4Ws2otunReOa6BbwxxpCt6,64,277298,False,0.587,0.829,9,-4.906,1,0.0326,0.0716,5.27e-05,0.15,0.162,127.977,4
318,4jKeYH0Gwq2PE3YYSClzM9,Cinema,Benny Benassi,"['edm', 'electro house', 'pop dance']",Electroman,4Ws2otunReOa6BbwxxpCt6,63,183230,False,0.482,0.841,9,-2.622,1,0.0607,0.0809,0,0.214,0.424,129.818,4
319,2mRNUz2RbAFf0AkPeQWelt,Satisfaction - Uk Radio Edit,Benny Benassi,"['edm', 'electro house', 'pop dance']",Satisfaction (Benny Benassi Presents The Biz),4Ws2otunReOa6BbwxxpCt6,62,143933,True,0.818,0.732,9,-4.253,1,0.209,0.0997,0.0389,0.074,0.37,130.063,4
320,4oMyggIzClkOcCTvotFLkP,Why Not,Ghostface Playa,['drift phonk'],Why Not,5xegBBY3vjR75woVR9kiy7,80,165000,True,0.725,0.984,9,-1.638,1,0.0351,0.000718,0.895,0.372,0.931,119.983,4
321,3SQV31uJMStclklmwxQHe1,KILLKA,Ghostface Playa,['drift phonk'],FROM THE NORTH,5xegBBY3vjR75woVR9kiy7,68,142258,True,0.801,0.957,4,-3.464,1,0.0465,0.0171,0.501,0.0857,0.843,124.014,4
322,1LaMTILNmivxzqujxB4dlh,I Don't Give a Fuck,Ghostface Playa,['drift phonk'],Cruisin’ Down Da Block,5xegBBY3vjR75woVR9kiy7,65,121142,True,0.742,0.814,10,-5.074,0,0.0352,1.78e-05,0.836,0.339,0.178,105.039,4
323,1kabM3AS9CIpiPahYfiBc8,Why Not - Slowed + Reverb,Ghostface Playa,['drift phonk'],Why Not (Slowed + Reverb),5xegBBY3vjR75woVR9kiy7,61,201078,True,0.745,0.929,0,-2.399,1,0.0304,0.00649,0.883,0.382,0.716,98.477,4
324,0SKLo4IYEveQmRDsCuU2GE,Swaggin' at the Partment - Slowed,Ghostface Playa,['drift phonk'],Swaggin' at the Partment (Slowed),5xegBBY3vjR75woVR9kiy7,61,142702,True,0.557,0.939,2,-5.244,1,0.0425,0.00372,0.823,0.382,0.349,161.453,4
325,19MmO5M7rS3TTg1WBVp9SQ,URBAN DDPAT,Ghostface Playa,['drift phonk'],URBAN DDPAT,5xegBBY3vjR75woVR9kiy7,55,170010,True,0.703,0.978,11,-1.548,0,0.163,0.214,0.000866,0.583,0.275,120.041,4
326,1QunUah81Ja0Taxj7DcDXA,Bullet in My Head,Ghostface Playa,['drift phonk'],Cruisin’ Down Da Block,5xegBBY3vjR75woVR9kiy7,53,122250,True,0.605,0.884,1,-6.549,1,0.0359,0.117,0.849,0.368,0.761,160.025,4
327,5CdPgVDSAUYEWQPoyuJ1dD,Dope In My Fuckin' Head,Ghostface Playa,['drift phonk'],High As Fuck II,5xegBBY3vjR75woVR9kiy7,52,120000,True,0.666,0.929,0,-1.817,1,0.0502,8.93e-05,0.334,0.257,0.784,159.983,4
328,57imsUFDfNUFWj7h6KvIA9,VOLTAGE,Ghostface Playa,['drift phonk'],VOLTAGE,5xegBBY3vjR75woVR9kiy7,51,127750,True,0.627,0.974,11,-3.318,1,0.0585,0.000154,0.74,0.332,0.714,123.926,4
329,0wAjigiyz8FGUvfbWMTK0S,Old But Gold,Ghostface Playa,['drift phonk'],Old But Gold,5xegBBY3vjR75woVR9kiy7,51,132413,True,0.583,0.931,10,-4.078,0,0.0471,0.00133,0.756,0.101,0.541,173.986,4
330,0qxYx4F3vm1AOnfux6dDxP,You Can Call Me Al,Paul Simon,"['classic rock', 'folk', 'folk rock', 'mellow gold', 'permanent wave', 'rock', 'singer-songwriter', 'soft rock']",Graceland (25th Anniversary Deluxe Edition),2CvCyf1gEVhI0mX6aFXmVI,79,280000,False,0.776,0.763,5,-8.124,1,0.0534,0.182,0.00647,0.077,0.82,128.433,4
331,6vxHp3CDNo0afgKGp2yi1E,Me and Julio Down by the Schoolyard,Paul Simon,"['classic rock', 'folk', 'folk rock', 'mellow gold', 'permanent wave', 'rock', 'singer-songwriter', 'soft rock']",Paul Simon,2CvCyf1gEVhI0mX6aFXmVI,77,164813,False,0.626,0.816,9,-10.593,1,0.131,0.237,1.8e-06,0.104,0.798,105.307,4
332,6Qb7gtV6Q4MnUjSbkFcopl,50 Ways to Leave Your Lover,Paul Simon,"['classic rock', 'folk', 'folk rock', 'mellow gold', 'permanent wave', 'rock', 'singer-songwriter', 'soft rock']",Still Crazy After All These Years,2CvCyf1gEVhI0mX6aFXmVI,73,217346,False,0.815,0.372,7,-12.814,1,0.0752,0.166,0.000116,0.0767,0.293,101.684,4
333,3f0U5NaD1bCk8nmKpn2ZJY,Kodachrome,Paul Simon,"['classic rock', 'folk', 'folk rock', 'mellow gold', 'permanent wave', 'rock', 'singer-songwriter', 'soft rock']",There Goes Rhymin' Simon,2CvCyf1gEVhI0mX6aFXmVI,69,215400,False,0.592,0.705,1,-10.276,0,0.0287,0.0291,1.97e-05,0.0456,0.902,135.754,4
334,51KKQAgYFoJHgVIuJWHdHb,Graceland,Paul Simon,"['classic rock', 'folk', 'folk rock', 'mellow gold', 'permanent wave', 'rock', 'singer-songwriter', 'soft rock']",Graceland (25th Anniversary Deluxe Edition),2CvCyf1gEVhI0mX6aFXmVI,66,291200,False,0.732,0.705,9,-9.271,1,0.0349,0.626,0.00068,0.0813,0.848,117.925,4
335,71GvlH0VdeClloLIkHrAVu,Diamonds on the Soles of Her Shoes,Paul Simon,"['classic rock', 'folk', 'folk rock', 'mellow gold', 'permanent wave', 'rock', 'singer-songwriter', 'soft rock']",Graceland (25th Anniversary Deluxe Edition),2CvCyf1gEVhI0mX6aFXmVI,64,349280,False,0.791,0.677,5,-9.724,1,0.0356,0.776,0.00121,0.224,0.876,110.64,4
336,2h23bjG8B3bcD47HBu6bHG,Late in the Evening,Paul Simon,"['classic rock', 'folk', 'folk rock', 'mellow gold', 'permanent wave', 'rock', 'singer-songwriter', 'soft rock']",One-Trick Pony,2CvCyf1gEVhI0mX6aFXmVI,63,242706,False,0.72,0.88,5,-8.988,1,0.0406,0.199,0.0246,0.0865,0.961,118.623,4
337,5vZ1BKMSLgrxxPYGMR904n,Mother and Child Reunion,Paul Simon,"['classic rock', 'folk', 'folk rock', 'mellow gold', 'permanent wave', 'rock', 'singer-songwriter', 'soft rock']",Paul Simon,2CvCyf1gEVhI0mX6aFXmVI,63,187400,False,0.712,0.632,9,-7.704,1,0.0334,0.112,0,0.0648,0.764,119.931,4
338,5F4ksIKmuXEtgBf6SfEQRr,Loves Me Like a Rock,Paul Simon,"['classic rock', 'folk', 'folk rock', 'mellow gold', 'permanent wave', 'rock', 'singer-songwriter', 'soft rock']",There Goes Rhymin' Simon,2CvCyf1gEVhI0mX6aFXmVI,62,213453,False,0.649,0.584,7,-10.518,1,0.0674,0.256,0,0.199,0.75,144.972,4
339,3gIBSlXYIN1mru35l4LWPB,Still Crazy After All These Years,Paul Simon,"['classic rock', 'folk', 'folk rock', 'mellow gold', 'permanent wave', 'rock', 'singer-songwriter', 'soft rock']",Still Crazy After All These Years,2CvCyf1gEVhI0mX6aFXmVI,61,206533,False,0.267,0.252,7,-11.687,1,0.0351,0.8,4.43e-05,0.089,0.13,37.114,4
340,4wCmqSrbyCgxEXROQE6vtV,Somebody That I Used To Know,Kimbra,"['bergen indie', 'electropop', 'nz pop']",Making Mirrors,6hk7Yq1DU9QcCCrz9uc0Ti,78,244973,False,0.864,0.495,0,-7.036,1,0.037,0.591,0.000133,0.0992,0.72,129.062,4
341,0Hg9Mh7CMd5zWMVG7S7pUi,I Look to You,Kimbra,"['bergen indie', 'electropop', 'nz pop']","Moda, Vol. 1 (Unmixed Version)",6hk7Yq1DU9QcCCrz9uc0Ti,34,234533,False,0.545,0.904,4,-3.384,0,0.13,0.0131,0.0359,0.106,0.521,117.988,4
342,6cdslY3YKjh7pImxFhSBVG,Settle Down,Kimbra,"['bergen indie', 'electropop', 'nz pop']",Vows (Deluxe Version),6hk7Yq1DU9QcCCrz9uc0Ti,47,241506,False,0.763,0.666,0,-6.34,1,0.0537,0.0791,2.98e-06,0.0733,0.449,93.994,4
343,1Gbdx88ElOui7lczwxGX6m,Top of the World,Kimbra,"['bergen indie', 'electropop', 'nz pop']",Primal Heart,6hk7Yq1DU9QcCCrz9uc0Ti,44,205520,False,0.62,0.762,9,-6.854,1,0.0507,0.11,0.0626,0.188,0.304,150.039,4
344,6mEDMe0zG5pYrsRxizjauk,Cameo Lover,Kimbra,"['bergen indie', 'electropop', 'nz pop']",Vows (Deluxe Version),6hk7Yq1DU9QcCCrz9uc0Ti,42,242586,False,0.654,0.922,1,-3.663,1,0.0498,0.156,0,0.128,0.669,127.047,4
345,2BFPoctFOTCnY7tT9v5ms0,Break My Soul - triple j Like A Version,Kimbra,"['bergen indie', 'electropop', 'nz pop']",Break My Soul (triple j Like A Version),6hk7Yq1DU9QcCCrz9uc0Ti,41,259471,False,0.425,0.825,1,-7.585,0,0.0797,0.0829,2.89e-06,0.135,0.368,114.147,4
346,5vLJID1JbJEpYdYLWIGVXf,Good Intent,Kimbra,"['bergen indie', 'electropop', 'nz pop']",Vows (Deluxe Version),6hk7Yq1DU9QcCCrz9uc0Ti,39,210520,False,0.851,0.709,1,-5.827,1,0.0408,0.183,4.84e-06,0.204,0.834,122.036,4
347,4wJq9Vut5WktGLIo02IYA2,replay!,Kimbra,"['bergen indie', 'electropop', 'nz pop']",A Reckoning,6hk7Yq1DU9QcCCrz9uc0Ti,38,236423,False,0.806,0.612,11,-9.805,0,0.0813,0.0305,0.00234,0.063,0.457,127.996,4
348,2TVMfEi6tqg5cxrg18n21s,foolish thinking,Kimbra,"['bergen indie', 'electropop', 'nz pop']",A Reckoning,6hk7Yq1DU9QcCCrz9uc0Ti,36,353021,False,0.416,0.176,1,-14.857,1,0.0366,0.917,0.00957,0.104,0.307,124.814,4
349,426IelkBneH7c0V7kMa1Zr,save me,Kimbra,"['bergen indie', 'electropop', 'nz pop']",A Reckoning,6hk7Yq1DU9QcCCrz9uc0Ti,37,268642,False,0.361,0.243,5,-11.775,0,0.0357,0.65,5.26e-05,0.0945,0.0756,105.505,3
350,0YHH3qK8Ntqxcc2GFkRrPh,Thinking 'Bout Love,Wrabel,['alt z'],Thinking 'Bout Love,7r2uG6BlFXKcwmh9ItqlII,70,184200,False,0.556,0.535,5,-6.275,1,0.042,0.114,0,0.147,0.406,74.336,4
351,6epvwUINain4iSHCTWA0sj,The Village,Wrabel,['alt z'],The Village,7r2uG6BlFXKcwmh9ItqlII,66,230293,False,0.55,0.363,5,-7.326,1,0.0336,0.534,0,0.128,0.286,121.94,4
352,1Y3Lv6ul3BeSQltSAfwZdo,wish you well,Wrabel,['alt z'],these words are all for you,7r2uG6BlFXKcwmh9ItqlII,65,182187,False,0.572,0.336,0,-7.232,1,0.0346,0.59,0,0.142,0.249,133.974,4
353,6nUwq6jL9AiwzsRDxI0AkN,nothing but the love,Wrabel,['alt z'],these words are all for you,7r2uG6BlFXKcwmh9ItqlII,61,184901,False,0.728,0.505,10,-7.487,1,0.0505,0.0215,0,0.0659,0.376,96.022,4
354,5Imv22PbpWHLDlcetv2EUd,happier,Wrabel,['alt z'],happier,7r2uG6BlFXKcwmh9ItqlII,59,166400,False,0.37,0.572,1,-6.009,1,0.0557,0.0149,0,0.0306,0.409,89.894,4
355,4mmtgoBJCUA8l8uDRJlnro,london,Wrabel,['alt z'],these words are all for you too,7r2uG6BlFXKcwmh9ItqlII,57,266219,False,0.568,0.495,9,-7.669,1,0.0385,0.585,0.000198,0.132,0.217,83.919,4
356,3PP9CXeE0PYaM5GIGQqBIV,Moon Rider (feat. Wrabel),Wrabel,['alt z'],Moon Rider (feat. Wrabel),7r2uG6BlFXKcwmh9ItqlII,55,218000,False,0.572,0.57,4,-6.99,0,0.0251,0.0436,0.0585,0.122,0.279,104.982,4
357,704gu7uPEwFdm0OhePgIl8,Worst Kind of Hurt,Wrabel,['alt z'],Us,7r2uG6BlFXKcwmh9ItqlII,51,164408,False,0.63,0.449,11,-8.716,0,0.054,0.268,5.62e-06,0.102,0.163,124.655,4
358,4I6JwM7pS6Uo705qqyM2su,Feel Again,Wrabel,['alt z'],Feel Again,7r2uG6BlFXKcwmh9ItqlII,48,178750,False,0.585,0.942,10,-5.294,0,0.0427,0.0213,0.199,0.138,0.241,120.037,4
359,7nZBRPj89rgeZ5eBLp2J7P,11 Blocks,Wrabel,['alt z'],11 Blocks,7r2uG6BlFXKcwmh9ItqlII,53,222213,False,0.553,0.711,0,-4.275,1,0.0378,0.0216,0,0.142,0.293,99.515,4
360,1D3z6HTiQsNmZxjl7F7eoG,m y . l i f e (with 21 Savage & Morray),Morray,['pop rap'],The Off-Season,44vREmJC0OlVZjZaGLqVEd,81,218801,True,0.597,0.587,7,-7.026,0,0.137,0.0622,0,0.214,0.0753,140.021,4
361,4iCZ6Cr76For1TuHUQ90r8,Quicksand,Morray,['pop rap'],Street Sermons,44vREmJC0OlVZjZaGLqVEd,64,224933,True,0.901,0.656,4,-7.452,0,0.277,0.0807,0,0.181,0.599,119.956,4
362,2OvqbosjvY48JgqmySJ2l2,High Price (with Lil Tjay),Morray,['pop rap'],High Price (with Lil Tjay),44vREmJC0OlVZjZaGLqVEd,63,192133,True,0.547,0.616,1,-7.505,1,0.195,0.0221,0,0.12,0.308,100.01,4
363,0pAEUTqBgPhVtvSedvAJFP,Low Key,Morray,['pop rap'],Low Key,44vREmJC0OlVZjZaGLqVEd,58,135127,True,0.863,0.363,1,-9.702,1,0.0698,0.0418,0,0.298,0.0589,111.005,4
364,4PnR4x0pn4Wc6NBMKAyx8O,Bad Situations,Morray,['pop rap'],Bad Situations,44vREmJC0OlVZjZaGLqVEd,58,176186,True,0.747,0.559,6,-9.292,0,0.211,0.157,0,0.139,0.268,93.886,4
365,20VRHxIghP08HJcqVItB7c,Switched Up,Morray,['pop rap'],Street Sermons,44vREmJC0OlVZjZaGLqVEd,53,169000,True,0.755,0.566,6,-8.058,1,0.209,0.146,0,0.142,0.48,79.987,4
366,0lG1Hu4hr71LjNRP46SiT6,In My Blood,Morray,['pop rap'],Shottaz 4Eva (Deluxe),44vREmJC0OlVZjZaGLqVEd,51,151429,True,0.553,0.676,9,-6.205,0,0.489,0.0841,0,0.101,0.373,83.055,4
367,6qX6BPAAdY25dCjzKVLy33,TAIL LIGHTS (feat. Morray),Morray,['pop rap'],BEN,44vREmJC0OlVZjZaGLqVEd,51,290586,True,0.574,0.771,9,-8.822,0,0.31,0.208,1.47e-06,0.0933,0.0745,94.827,4
368,5Dn6cgiKkQhO3HmHfvN4aG,Can’t Use Me,Morray,['pop rap'],Street Sermons,44vREmJC0OlVZjZaGLqVEd,50,170106,True,0.777,0.482,7,-8.411,1,0.109,0.00734,0,0.237,0.532,76.487,4
369,20IRcGD2o073obIyPJQxIl,Long The Way (with Morray & jetsonmade),Morray,['pop rap'],Creed III: The Soundtrack,44vREmJC0OlVZjZaGLqVEd,46,179625,True,0.736,0.563,2,-7.789,1,0.081,0.0402,0,0.355,0.286,74.989,4
370,3e7sxremeOE3wTySiOhGiP,Dusk Till Dawn (feat. Sia) - Radio Edit,ZAYN,"['pop', 'uk pop']",Icarus Falls,5ZsFI1h6hIdQRw2ti0hz81,82,239000,False,0.259,0.437,11,-6.589,0,0.0386,0.102,1.32e-06,0.106,0.0951,180.042,4
371,55n9yjI6qqXh5F2mYvUc2y,I Don’t Wanna Live Forever (Fifty Shades Darker),ZAYN,"['pop', 'uk pop']",reputation Stadium Tour Surprise Song Playlist,5ZsFI1h6hIdQRw2ti0hz81,83,247160,False,0.731,0.445,0,-8.418,1,0.0533,0.0586,1.96e-05,0.14,0.106,117.97,4
372,0PDUDa38GO8lMxLCRc4lL1,PILLOWTALK,ZAYN,"['pop', 'uk pop']",Mind Of Mine (Deluxe Edition),5ZsFI1h6hIdQRw2ti0hz81,80,202746,True,0.584,0.7,11,-4.275,1,0.0456,0.117,0,0.0939,0.438,124.944,4
373,2ez6qvOTHKeI3ss80NGqnI,Trampoline (with ZAYN),ZAYN,"['pop', 'uk pop']",Melt (Deluxe),5ZsFI1h6hIdQRw2ti0hz81,70,184280,False,0.619,0.459,7,-5.782,0,0.0334,0.56,0,0.137,0.498,126.803,4
374,1iWHabUgUuuKLBa0TzTHfk,"A Whole New World (End Title) - From ""Aladdin""",ZAYN,"['pop', 'uk pop']","A Whole New World (End Title) [From ""Aladdin""]",5ZsFI1h6hIdQRw2ti0hz81,69,242956,False,0.302,0.414,2,-8.16,1,0.0319,0.0575,0,0.0861,0.105,110.508,4
375,2cEmWBBlCfR9wWrY9JmTyt,Let Me,ZAYN,"['pop', 'uk pop']",Icarus Falls,5ZsFI1h6hIdQRw2ti0hz81,70,185373,False,0.46,0.566,9,-5.637,1,0.0502,0.239,5.96e-06,0.0967,0.189,168.408,4
376,6lvsJDZ7336YmpBzcNGhbe,fOoL fOr YoU,ZAYN,"['pop', 'uk pop']",Mind Of Mine (Deluxe Edition),5ZsFI1h6hIdQRw2ti0hz81,69,202213,False,0.52,0.513,7,-7.208,1,0.0256,0.281,0,0.0976,0.17,77.903,4
377,6T6D9CIrHkALcHPafDFA6L,Vibez,ZAYN,"['pop', 'uk pop']",Nobody Is Listening,5ZsFI1h6hIdQRw2ti0hz81,65,163346,False,0.643,0.671,7,-7.45,1,0.0842,0.241,0.0178,0.12,0.297,96.924,4
378,6ZHRi0QxzSnlevyhyNkj4a,Sweat,ZAYN,"['pop', 'uk pop']",Nobody Is Listening,5ZsFI1h6hIdQRw2ti0hz81,67,232266,False,0.532,0.584,7,-6.659,0,0.0444,0.00227,0.00308,0.126,0.165,161.738,4
379,4By48hpAtUx7F7F1yxvwvm,Entertainer,ZAYN,"['pop', 'uk pop']",Icarus Falls,5ZsFI1h6hIdQRw2ti0hz81,67,202600,True,0.697,0.568,5,-8.017,1,0.0369,0.475,2.51e-05,0.0922,0.502,153.931,4
380,035MzEbx4z2DxuRDymHXbv,Rodeo (Remix),Flo Milli,['viral rap'],Rodeo (Remix),08PvCOlef4xdOr20jFSTPd,79,245959,True,0.752,0.56,11,-5.375,1,0.122,0.295,0,0.114,0.848,120.015,4
381,3qKunud9sySc8qvQ3i84og,Conceited,Flo Milli,['viral rap'],"You Still Here, Ho ?",08PvCOlef4xdOr20jFSTPd,68,146854,True,0.984,0.719,8,-5.119,1,0.0893,0.0566,9.88e-05,0.517,0.437,118.015,4
382,52BJrldggFQyTiW8XrILhO,In The Party,Flo Milli,['viral rap'],"Ho, why is you here ?",08PvCOlef4xdOr20jFSTPd,67,137361,True,0.919,0.609,9,-5.059,1,0.262,0.0096,0,0.124,0.418,134.992,4
383,7qdFz1dTJqgdVe6NA4F4DP,Beef FloMix,Flo Milli,['viral rap'],"Ho, why is you here ?",08PvCOlef4xdOr20jFSTPd,66,147692,True,0.879,0.733,11,-3.953,0,0.142,0.216,0,0.274,0.913,117.039,4
384,4ue41gFbAjoU0P1EberJWm,We Not Humping - Remix,Flo Milli,['viral rap'],We Not Humping (Remix),08PvCOlef4xdOr20jFSTPd,65,143325,True,0.971,0.851,11,-5.586,0,0.269,0.0344,0,0.092,0.81,120.008,4
385,3XM7pKOK9vRReBzp3XTZTo,Conceited (feat. Lola Brooke & Maiya The Don),Flo Milli,['viral rap'],"You Still Here, Ho ? (Extended)",08PvCOlef4xdOr20jFSTPd,51,195254,True,0.94,0.761,8,-4.408,1,0.0979,0.0741,1.89e-05,0.59,0.414,118.027,4
386,3PXi72ZtSqx1PZc40KS0Qj,Mean,Flo Milli,['viral rap'],Beautiful Havoc,08PvCOlef4xdOr20jFSTPd,63,125853,True,0.844,0.72,1,-7.418,0,0.3,0.169,0,0.0797,0.631,99.917,4
387,7r5R0CLCuyMaFYaQkdlZrx,Bed Time (feat. Monaleo & Gloss Up),Flo Milli,['viral rap'],"You Still Here, Ho ? (Extended)",08PvCOlef4xdOr20jFSTPd,44,220443,True,0.889,0.814,2,-4.549,1,0.0645,0.15,1.91e-05,0.0709,0.337,109.965,4
388,1GcXzijYzyfMq6wryZjYW5,May I,Flo Milli,['viral rap'],"Ho, why is you here ?",08PvCOlef4xdOr20jFSTPd,61,163018,True,0.896,0.78,1,-3.547,1,0.202,0.0828,0,0.0857,0.85,106.032,4
389,3XnGmNCws1ciL3TWcOU6Cs,Nasty Dancer,Flo Milli,['viral rap'],"You Still Here, Ho ? (Extended)",08PvCOlef4xdOr20jFSTPd,44,137931,True,0.899,0.711,1,-4.388,1,0.139,0.0135,0,0.204,0.126,127.018,4
390,32OlwWuMpZ6b0aN2RZOeMS,Uptown Funk (feat. Bruno Mars),Mark Ronson,['pop soul'],Uptown Special,3hv9jJF3adDNsBSIQDqcjp,86,269666,True,0.856,0.609,0,-7.223,1,0.0824,0.00801,8.15e-05,0.0344,0.928,114.988,4
391,02dRkCEc8Q5ch4TTcnLxOn,Nothing Breaks Like a Heart (feat. Miley Cyrus),Mark Ronson,['pop soul'],Late Night Feelings,3hv9jJF3adDNsBSIQDqcjp,78,217099,False,0.601,0.794,7,-5.844,0,0.0671,0.00987,1.36e-06,0.418,0.244,114.066,4
392,6kopmMZiyLmw7h66uXcXR7,Valerie (feat. Amy Winehouse) - Version Revisited,Mark Ronson,['pop soul'],Version,3hv9jJF3adDNsBSIQDqcjp,80,219413,False,0.699,0.83,1,-4.898,1,0.0633,0.00243,0.00024,0.0995,0.889,105.809,4
393,5N4erncE7kuUccm7zEmwzk,Electricity (with Dua Lipa),Mark Ronson,['pop soul'],Electricity (with Dua Lipa),3hv9jJF3adDNsBSIQDqcjp,74,238173,False,0.588,0.67,0,-6.439,1,0.0473,0.0104,3.33e-06,0.338,0.505,118.159,4
394,4XWaUb7mKRcJR5RPp4IIDr,Easy (with Kacey Musgraves feat. Mark Ronson),Mark Ronson,['pop soul'],Easy (with Kacey Musgraves feat. Mark Ronson),3hv9jJF3adDNsBSIQDqcjp,64,213571,False,0.581,0.674,8,-7.09,1,0.033,0.00187,3.01e-06,0.128,0.488,143.005,4
395,2jUO4Rbw8VizhpHS63jrq4,Late Night Feelings (feat. Lykke Li),Mark Ronson,['pop soul'],Late Night Feelings,3hv9jJF3adDNsBSIQDqcjp,54,251028,False,0.688,0.729,4,-6.56,0,0.0573,0.437,0.00369,0.0928,0.469,110.055,4
396,5Uw7Dut2lZfexn3Y09swpf,Find U Again (feat. Camila Cabello),Mark Ronson,['pop soul'],Late Night Feelings,3hv9jJF3adDNsBSIQDqcjp,54,176416,False,0.605,0.664,8,-7.162,1,0.0316,0.00548,3e-06,0.204,0.164,103.997,4
397,65NgsMieGd6ffCTIYfEo7w,Uptown Funk (feat. Bruno Mars) - Radio Edit,Mark Ronson,['pop soul'],NOW That's What I Call PARTY ANTHEMS 3,3hv9jJF3adDNsBSIQDqcjp,52,233493,False,0.854,0.65,0,-5.339,1,0.105,0.00794,3.43e-05,0.0692,0.916,115.001,4
398,4WimB4Ei0LU3MotHhL3kBL,"Ooh Wee (feat. Ghostface Killah, Nate Dogg, Trife & Saigon)",Mark Ronson,['pop soul'],Here Comes The Fuzz,3hv9jJF3adDNsBSIQDqcjp,58,209626,True,0.727,0.961,4,-3.761,0,0.098,0.0278,7.85e-06,0.334,0.8,105.031,4
399,5MpKzeXvOBFiZpQWV9iP5O,Uptown Funk (feat. Bruno Mars) - Will Sparks Remix,Mark Ronson,['pop soul'],Uptown Funk (Remixes) (feat. Bruno Mars),3hv9jJF3adDNsBSIQDqcjp,58,277226,False,0.821,0.9,2,-3.258,1,0.168,0.0114,0.000241,0.894,0.546,127.93,4
